First Name,Last Name,Gender,DateOfBirth,Email,Phone Number,Address,City,State,Postal Code,Country,LoyaltyProgramID
Kevin,Schaefer,Not Specified,2015-03-18,randy02@example.com,+1-600-543-3696,92905 Phelps Villages Apt. 045 Tammiebury  NE 31793,Coletown,New Hampshire,66676,Spain,4
Sharon,Love,Not Specified,2025-04-09,brianlindsey@example.net,(632)207-7952x2449,4367 Michael Ferry Apt. 071 Lake Jeremiah  GA 23444,North Paula,Missouri,65274,Macao,4
Erica,Krueger,Others,1978-06-28,hpatterson@example.com,411.305.3291,397 Ronnie Burgs Suite 318 East Brenda  WV 34178,South Johnview,Massachusetts,50461,United States Minor Outlying Islands,3
Kevin,Rogers,Not Specified,1973-06-25,sarasparks@example.com,+1-987-581-6530x815,65639 Clark Pine Stephaniehaven  MN 91150,North Cynthia,Hawaii,88607,Andorra,5
Donna,Preston,M,2021-10-09,karen99@example.net,537.750.5455,52017 Williams Islands Davidchester  OH 38775,Stevenview,Kentucky,20743,Ghana,4
Gabriel,Thomas,Not Specified,1994-04-15,smithryan@example.org,5574619614,9912 Thomas Junction Apt. 295 West Aimee  UT 89895,Jessicabury,Colorado,62450,Benin,3
Kellie,Washington,M,1981-01-26,kim02@example.com,(733)260-4822,99391 Cervantes Rapids New Andrew  KS 24809,Richardstad,Oregon,05711,United States of America,3
Sabrina,Maynard,Others,2001-02-15,xharmon@example.org,517.347.3316,610 Breanna Shore Suite 513 Fisherborough  VT 83949,North Jacob,Montana,79837,Reunion,1
Michael,Perez,Others,1999-03-31,nthomas@example.net,+1-756-752-5071x095,20311 Tyler Place Travisfort  ND 97011,Olsonhaven,New Hampshire,91007,Solomon Islands,5
Philip,Hodge,Others,1986-07-29,toddsmith@example.net,945.238.2581x65981,0715 Williams Trail Ashleystad  OH 63066,Charlesshire,Nevada,51958,Slovenia,3
Catherine,Robertson,Not Specified,1974-08-28,timothy32@example.net,(994)697-9630,736 Duran Stream Mackside  WA 85715,Annatown,Alabama,11535,Guadeloupe,5
Megan,White,Others,2003-08-24,wardjames@example.com,957.773.2737x4605,885 Hooper Mission Suite 387 Dunnport  GU 64217,Michaelport,Pennsylvania,96563,Vietnam,5
Tonya,Pierce,Others,2002-02-19,romanmelissa@example.org,+1-490-726-5132x8392,73127 Elizabeth Corners Mitchelltown  NY 59985,North Paul,Pennsylvania,41958,France,5
Christine,Oconnor,Others,1999-06-13,xjohnson@example.net,985.709.3800x766,PSC 2630  Box 7149 APO AE 51469,Lake Martin,Alabama,46142,Turks and Caicos Islands,3
Keith,Berry,M,1996-01-10,vgonzalez@example.net,530.301.3908,PSC 3389  Box 6001 APO AA 23030,Jasminestad,North Dakota,23627,Saint Lucia,2
Alexandria,Hernandez,M,1972-12-01,vernonsmith@example.org,336.746.9134,453 Rice Glen Riverafurt  KS 91086,New Richardview,Nevada,90565,Mauritius,3
Olivia,Young,Others,1986-10-18,charlottealexander@example.com,(673)696-1185,129 Mason Summit East Stacyville  IL 68111,New Dawn,Maine,72866,Korea,3
Amy,Baker,Others,1987-11-17,ramseychad@example.net,2836355685,854 Kelley Haven Alexanderton  HI 02648,East Benjaminfort,Alaska,81898,Western Sahara,1
Tyler,Jones,Not Specified,2011-12-29,emilycook@example.org,627.753.7885x21031,0743 Martin Cape Zacharyport  IA 62720,Lake Ginaview,New Jersey,54982,Serbia,2
Eric,Phelps,Others,1990-08-12,tammywalton@example.com,+1-946-827-7694x52785,Unit 3082 Box 7974 DPO AA 15126,Andrewshire,Maine,35893,Egypt,4
Shannon,Wise,Others,1977-10-11,danielleharris@example.com,001-874-296-3993x7484,9421 Solis Brooks Suite 768 South Meganhaven  OK 83285,Johnshire,Ohio,27108,Micronesia,4
Eileen,Moore,Not Specified,1991-01-23,nfernandez@example.org,001-968-241-9921x0162,672 Tate Groves Helenhaven  SC 96814,Malloryside,Wisconsin,54552,Madagascar,4
Sean,Adams,Not Specified,2021-11-17,rclements@example.net,572-842-2903,01358 Johnson Divide Apt. 515 New Haleyborough  TX 12896,Lake Jimmouth,Alabama,01869,Lithuania,1
Rachel,Smith,F,1991-07-07,wweeks@example.com,9766743211,149 Colleen Vista Apt. 997 Justinbury  MO 97474,East Jonathan,Michigan,83118,Chile,4
Bethany,Wright,Not Specified,1993-01-14,fwhite@example.org,795.200.4464,143 Brandt Stravenue New Christineview  MD 17872,Brooksberg,Maryland,47393,Venezuela,4
Johnny,Jones,F,1974-01-09,todd04@example.net,+1-382-868-7119,061 Lynn Summit Suite 810 Leonview  TX 87340,Lisaberg,Texas,76999,Liechtenstein,1
Jade,Allen,Not Specified,2016-03-02,ialvarez@example.com,395-483-1094,00032 Phillips Pine Lake Melindashire  VA 08646,New Benjaminland,New Hampshire,93185,Iran,4
Shaun,Williams,F,2019-06-07,kristinahebert@example.net,524-797-4668x88981,183 Benjamin Village Christinashire  PW 94579,North Travis,West Virginia,34277,United States Minor Outlying Islands,1
Donald,Glenn,Others,1982-05-23,riveracynthia@example.com,846.255.6058,399 Cantrell Prairie Apt. 867 West Charles  NY 14649,Woodsview,Maine,76910,Tunisia,5
Katrina,Tate,Others,1997-09-20,kara74@example.org,623-537-3988x90948,068 Stephanie Throughway North Jillian  IL 19013,Lauraland,Mississippi,82013,Uganda,4
Matthew,Blake,F,1987-08-15,robertdaniels@example.org,897.582.4041x47803,78347 Moreno Crossroad Apt. 086 North Melanie  SD 48279,Estesville,Alaska,59677,Zimbabwe,1
Dennis,Hodges,Not Specified,2021-05-05,colesolomon@example.com,501.620.6729x189,2984 Martin Flat Apt. 339 East Danielmouth  VA 35725,North Kristen,Alabama,72692,Cameroon,2
James,Castro,Others,1977-07-12,williamsmatthew@example.org,(406)807-6121,75785 Mary Isle Apt. 956 New Danielmouth  TX 45420,Lake Kristyside,New Mexico,39088,Bulgaria,4
Karen,Moran,Others,2004-04-23,twatts@example.net,263-736-9746,213 Laura Fields Apt. 923 Port Nicole  RI 77339,West Becky,Iowa,18325,Switzerland,3
Michael,Hunter,Others,1993-10-02,vmueller@example.com,722.559.5756x2318,41307 Atkins Junctions North Annette  VI 67084,Riveraview,Florida,96341,Fiji,1
Stacy,Thompson,Not Specified,1974-07-02,david06@example.org,591.467.5053,844 Brown Gateway Port Kaitlynburgh  NV 99949,West Ericfort,Tennessee,53156,Cambodia,1
Caitlin,Hall,M,1987-11-12,christopherpatel@example.com,690-624-1384,584 Jackson Dale Lake Sara  AK 72501,South Saramouth,Colorado,28346,Belize,2
Diane,Cruz,M,1983-12-28,ajackson@example.com,+1-790-259-5427x130,450 Berger Dam West Josephview  KY 48511,Oconnelltown,Hawaii,95428,Zimbabwe,1
Donald,Fernandez,F,1989-03-12,baldwinjessica@example.net,(539)243-0603x7713,PSC 4705  Box 1200 APO AA 75061,Darylfurt,Alaska,73513,Lithuania,5
Jessica,Collins,M,1977-03-10,daniel89@example.com,519.346.7876x6828,825 Hartman Forest Lake Sabrinafort  PA 21417,Stanleychester,Idaho,97685,Anguilla,3
Mike,Lee,Not Specified,1985-06-18,iperkins@example.org,2124851683,584 Noble Locks West Jamesmouth  NM 15773,West Carl,Wisconsin,35582,Guernsey,5
Sherry,Lee,Others,2013-11-20,haguirre@example.org,+1-691-635-4802x121,046 Gordon Crescent Jamesfurt  AS 28093,West Michael,Pennsylvania,65004,Puerto Rico,4
Cameron,Smith,M,2016-01-03,johnsonanthony@example.net,+1-502-993-3311x924,817 Wagner Flat Roseside  MS 54629,New Brianna,Indiana,88995,Peru,3
Jaime,Moss,Others,1992-06-08,molly60@example.com,295.883.4093x84423,11194 Dawn Prairie Lake Maryfort  GU 20978,Frazierland,Ohio,15199,Korea,4
Travis,Leon,F,2019-09-30,john41@example.net,(584)981-5183x28603,59866 Novak Village Prattside  CO 54169,South Amybury,Virginia,15696,Suriname,5
Andrew,Clark,M,2022-06-16,dannyrodriguez@example.net,+1-775-752-7510x63838,571 Jones Path Apt. 547 Tracyville  VT 31554,Lake Barbara,Louisiana,17704,Ghana,1
Rachel,Moody,Not Specified,1989-08-08,drowe@example.org,+1-882-722-6656x24865,44762 Angela Squares East Anthony  AZ 57583,East Kyle,Washington,66841,North Macedonia,1
Jill,Frederick,M,2017-01-10,jason42@example.net,626-378-8708,0702 Thomas Vista Apt. 376 Port Marcton  FM 82758,East Kyleville,Vermont,91167,Mexico,2
April,Johnson,F,1994-10-31,kjimenez@example.com,2334697192,491 Hoffman Meadow North Christine  CA 85718,Samanthahaven,North Dakota,79345,Ireland,5
Larry,Christensen,Not Specified,1985-12-25,carlos96@example.net,7088830948,38227 Jennifer Hills Greeneland  KS 96878,Williamsville,Colorado,41289,Tuvalu,3
Jill,Daniel,F,2010-11-28,emily24@example.org,+1-459-645-7109x6545,5223 Montes Stream Suite 321 East Karl  TX 86659,New Kaylaland,Arkansas,53970,Russian Federation,4
Nicholas,Garcia,F,2025-09-29,michael24@example.net,001-728-978-2901x9007,1641 Taylor Causeway Guerraport  WI 74712,Pittmanburgh,Georgia,28661,Dominica,1
David,Harrison,M,1989-01-15,qmontoya@example.com,001-434-971-2165x086,76608 Cheryl Lights Ortiztown  OK 19894,New Lisaberg,Kansas,50433,Tunisia,4
Samuel,Oneill,M,2009-05-18,upalmer@example.com,461-624-3973,079 Samantha Throughway Rachelfurt  DE 58153,Jessicatown,Rhode Island,85984,Malta,1
Selena,Cruz,F,1985-04-12,ryanzachary@example.com,001-998-637-3583x75258,4870 Courtney Plaza Suite 740 Caldwellview  DC 20892,Allisonton,Wisconsin,39838,Pakistan,3
Stephanie,Gibson,F,2018-07-19,collinmcdonald@example.org,(267)425-1669,5849 Harris Hills Laceyhaven  OR 16414,West Richard,Iowa,62180,Greenland,4
Joseph,Owens,M,1974-04-01,vhamilton@example.com,(938)611-9351,33897 Kelly Manor Carrfurt  MA 12439,North John,New York,11933,American Samoa,4
Christopher,Powell,F,1998-06-10,williamsheather@example.net,678.674.2442x857,191 Emily Summit Suite 126 Port Christopher  DE 18359,Landryside,Indiana,11767,Kenya,2
Jessica,Hudson,M,1996-12-26,kaufmanrobert@example.com,811-698-4872x47435,495 Evans Extensions Apt. 296 Jerryside  IN 18615,Port Erinhaven,Minnesota,78308,Nauru,5
Lindsay,Newman,F,2022-04-02,kmartin@example.org,654-327-7222x530,94309 Wu Parkways East Corymouth  AS 28638,Combsberg,Wyoming,30797,Mali,1
Anthony,Mendez,F,1992-04-13,jonesrichard@example.com,001-301-541-7541x5947,9549 Malone Shores Suite 373 Lake Arianafort  IN 80325,Haleyside,Colorado,13342,Lebanon,2
Colleen,Johnson,M,2013-02-22,reginaldwright@example.net,(551)962-7171x3876,51031 Snyder Brooks Apt. 594 Lake Henryhaven  MN 51482,Mullinsmouth,Iowa,63644,Russian Federation,2
Sarah,Calderon,Not Specified,1989-11-22,brandtjohn@example.com,(465)376-6587x2680,PSC 7660  Box 5595 APO AA 58618,Matthewview,Montana,91759,Guam,4
Sherri,Evans,M,2003-08-09,patrick98@example.net,+1-679-803-2299x0020,19579 Andrade Trace Lake Richardton  KY 52128,Kimberlyborough,Washington,14710,Swaziland,1
Nicole,Parker,Not Specified,1988-02-16,xherrera@example.net,435.575.1290,47880 Daniel Union South Ethanburgh  IL 39169,East Eduardostad,Iowa,75838,Uganda,1
Alexander,Smith,F,2012-08-03,martindiana@example.net,987-970-0229,42058 Carter Orchard Suite 378 Nortonborough  FL 61431,New Kevinside,Illinois,22041,Reunion,1
Joyce,York,Others,2022-04-03,stephanie76@example.org,954-815-5945x56692,Unit 5894 Box 5745 DPO AE 29955,Williamport,New Jersey,48006,Tanzania,5
Brandon,Leonard,Not Specified,1997-09-01,jennifer44@example.com,001-569-386-8191,802 Sandra Meadow Apt. 996 Drakehaven  RI 25835,Rogerville,Missouri,49694,Cocos (Keeling) Islands,1
Amanda,Chase,Others,1977-10-04,gmartinez@example.org,(365)734-6552,USCGC Thomas FPO AA 09860,Lake Ryan,Louisiana,75349,Tajikistan,2
Derrick,Johnson,M,2005-09-27,coxmegan@example.org,(789)683-5347x8452,638 Deanna Port Apt. 797 Griffinview  MI 67265,East Austintown,Ohio,05385,Japan,2
Margaret,Rivera,F,1974-12-20,rgarner@example.net,786-910-9490,62164 Emily Via West Annaland  KY 72041,Stevenshaven,New Hampshire,87247,Georgia,4
Taylor,Rogers,F,2023-03-16,darren41@example.org,387-984-2799x2148,0321 Hill Forks Jordanville  KS 90813,South Dominiquemouth,Massachusetts,45777,Indonesia,2
Patricia,Howard,M,2001-05-02,zacharyphillips@example.org,759-519-7459x7316,90538 Ariel Neck Christinaview  OR 98384,Joannaport,Nevada,90976,Senegal,5
Victor,Perez,M,2012-04-03,dbrooks@example.com,001-454-828-3551x402,362 Sanders Manors West David  FL 88116,New Sarah,Montana,71042,Djibouti,2
Gina,Hartman,F,2006-11-24,kendraburton@example.com,933.408.0560x0930,63433 Ronald Rapids Carrieborough  ND 46011,Port Ray,Arizona,59544,Falkland Islands (Malvinas),4
Jose,Clark,Others,1996-01-25,ajohnson@example.net,001-446-720-2062x745,791 Robert Gardens Suite 015 South Dennisland  PR 63535,Kennethtown,Pennsylvania,44830,Iran,2
Kyle,Figueroa,F,1986-11-16,garycampbell@example.net,(787)608-7405,050 Susan Road Gonzalesborough  UT 37793,North Deborah,Florida,40485,Czech Republic,3
Samuel,Harvey,Not Specified,2001-04-16,joneschristopher@example.org,3765296617,764 David Well Smithton  KY 45798,West Darlene,Tennessee,17963,Botswana,2
Donald,Flores,Not Specified,1994-02-18,ronald51@example.org,+1-868-217-9780x9756,08136 King Meadow South Darrellberg  ME 04467,North Emilyfort,Connecticut,02257,Saint Martin,3
Gary,Donaldson,Not Specified,2003-03-23,craigwise@example.com,7914715351,USCGC Barnes FPO AA 43598,Nicholasburgh,Colorado,09128,Uzbekistan,1
Mark,Morton,Others,1980-06-06,ihuber@example.com,481-208-1499x530,6542 Melissa Course Matthewborough  ID 52559,Lake Patrickfort,Delaware,59829,Jamaica,2
Sheena,Turner,Others,1975-12-23,vbrennan@example.com,(380)248-4312x2939,7996 Myers Mountains Suite 087 Christopherville  AL 65110,South Jenniferfort,Massachusetts,06978,New Caledonia,2
Christopher,House,Not Specified,2013-11-14,fisherthomas@example.net,001-753-607-1689,821 Todd Crest Apt. 051 Cannonborough  WV 02179,New Richardville,Arizona,84278,Solomon Islands,3
Brian,Lee,Others,2020-12-12,briana86@example.com,395-767-6202x11214,516 Sean Corners Henrybury  MD 37308,Lake Anne,Alaska,19998,Hong Kong,4
Victoria,Becker,F,2012-06-16,erika40@example.net,960-471-4507x1417,574 Rodriguez Fields Justinview  IA 28774,East Mollytown,Georgia,99856,Palestinian Territory,4
Crystal,Trevino,M,2005-03-11,daniel87@example.com,+1-923-931-2291x456,96242 Anna Dale Cooperborough  WA 55294,New Susan,Virginia,55500,Isle of Man,2
Kevin,Hanson,Others,1989-05-27,harrisbrian@example.org,+1-791-397-0518,Unit 7841 Box 7307 DPO AE 95829,Joelland,Virginia,05662,Rwanda,1
Timothy,Williams,Others,1976-01-30,nicole30@example.com,001-688-423-4802,51789 Johnson Island Rebeccamouth  MO 47120,Moniquefurt,Illinois,97861,Andorra,4
Jeffrey,Carlson,F,1998-06-02,ellisthomas@example.com,415-413-8936x2100,9880 Francisco Land Rodneychester  GU 48619,Davidmouth,Maine,67014,Seychelles,1
Charles,Sullivan,M,1982-04-08,kjackson@example.net,770.346.1347x5198,82944 Tammy Lights Apt. 469 South Willieland  DE 40305,New Teresa,Virginia,40066,Isle of Man,1
Amanda,Fuller,M,2012-07-07,simsedward@example.com,(897)623-1416,441 Young Orchard Karenview  OR 36352,Timothyburgh,New Jersey,71727,United States Minor Outlying Islands,1
Tyler,Baldwin,Others,1970-02-22,adamswanda@example.org,+1-957-668-1452x17646,932 Ryan Springs Suite 647 Jasonberg  UT 94628,Reginamouth,Connecticut,81647,Thailand,2
Michelle,Wright,M,2007-10-04,clarkchristopher@example.net,001-261-639-0281x743,78275 Sara Center East Matthewville  LA 59797,East Amy,South Carolina,31483,Cote d'Ivoire,1
Lisa,Jackson,M,2010-08-27,zmoore@example.com,001-628-709-4297x728,27434 Ellis Fort South Gloria  FM 20435,Lindseymouth,Delaware,80371,Niue,4
Aaron,Andrews,Not Specified,1997-10-11,ryoder@example.net,001-877-204-9007,PSC 8021  Box 0431 APO AA 42047,Brianstad,Oklahoma,44548,United States of America,5
Jacqueline,Watson,F,1980-03-13,robert16@example.org,+1-423-536-5892,31684 Matthews Ports Apt. 205 West Jacob  AZ 83849,Laurenshire,Ohio,11581,Holy See (Vatican City State),3
Angela,Nelson,Others,1977-06-15,morgan86@example.net,001-251-206-1084x6683,223 Kelly Mountains Suite 668 West Janet  WA 98344,New Andrew,New Hampshire,15472,Cuba,3
Andrew,Mejia,F,1982-07-29,evanoliver@example.org,001-749-827-8882x27677,02482 Jacobs Prairie Apt. 316 Joycestad  KS 47112,South Hunter,Maine,53727,Montserrat,4
Chelsea,Benson,Not Specified,2000-01-03,cholt@example.net,7369474959,126 Carter Estates Suite 107 West Darrylchester  MO 37131,New Nancy,Alaska,14905,Gambia,1
Andrew,Robinson,M,1992-03-23,andersonshannon@example.org,3526288688,5276 Mendez Plaza Troychester  RI 87027,New Leahbury,Montana,32842,Mozambique,3
Andrew,Rivera,Others,2006-05-10,daryledwards@example.com,357-579-8704x2621,43071 Zoe Views Robertstad  CT 53103,Burtonhaven,Pennsylvania,48174,Anguilla,2
Kathleen,Richards,Others,1972-12-25,npope@example.net,(952)253-0629,17665 James Meadow East Courtney  NY 27983,New Wesleyview,Kentucky,01677,Uzbekistan,3
Michael,Hays,M,2021-08-23,kristen13@example.com,329.770.7496,045 Samantha Lock Myersfurt  AL 62860,New Markborough,New Mexico,41203,Gibraltar,3
Stephen,Lewis,Not Specified,1973-09-24,zhoffman@example.org,+1-639-398-0251x73934,9559 Brent Throughway Suite 603 Lindseybury  ME 45720,Wellston,North Dakota,16302,Suriname,5
Joshua,Campbell,Others,1985-04-05,juanrivera@example.com,590-446-7408,430 Newman Skyway Louisburgh  ND 01185,North Alyssa,California,19969,Czech Republic,2
Spencer,Ball,M,2010-12-15,whiteangela@example.net,476.335.0739x2125,829 Kendra Forks New Jeffrey  WI 88536,New Mindy,Virginia,99655,Falkland Islands (Malvinas),5
Matthew,Porter,Others,2025-07-15,lgoodwin@example.org,442-702-5045,13932 Gonzalez Meadows Apt. 411 Ryanburgh  VI 86206,South Ralph,Montana,12287,Saint Kitts and Nevis,3
Michael,Russo,M,2004-07-20,josephcosta@example.org,001-249-468-7190,5090 Kerry Cape Apt. 880 Port Heather  GU 40951,South Ruth,Iowa,50865,Eritrea,2
Elizabeth,Blankenship,Others,2010-11-14,lynn50@example.net,302-842-9404x9107,4954 Renee Grove Apt. 741 North Joshuamouth  MI 73966,North Dominic,Utah,54810,Cape Verde,1
Lisa,Walsh,M,2018-10-24,zsantiago@example.net,706-523-7172x254,168 Joseph Freeway Apt. 636 Carterland  AZ 53328,Deanville,Colorado,07618,Nepal,1
Christine,Jackson,M,2022-02-03,linda38@example.org,911-309-4522,12959 Hernandez Stravenue Floresview  NV 82422,Brandtborough,Arkansas,15289,Libyan Arab Jamahiriya,4
Kevin,Hurst,Others,1980-03-13,nboone@example.org,3112294265,PSC 1673  Box 3229 APO AE 49286,East Cheyenne,Nebraska,20078,Pitcairn Islands,4
Ryan,Rivera,Others,1990-11-29,jonathan85@example.net,(456)261-4434x854,18905 Jeffery Tunnel Garciafurt  NE 95599,South Scottton,Alabama,20269,American Samoa,5
Chelsea,Edwards,Others,1981-01-23,bdodson@example.org,+1-743-437-4276,87003 Hubbard Ford North Katherine  OK 46455,South Janetborough,Florida,67978,Rwanda,2
Crystal,Luna,M,1970-02-21,aeverett@example.net,(599)869-5557x98886,818 David Fort Suite 671 Racheltown  MA 85371,Halemouth,California,01358,Samoa,5
Amber,Miranda,Others,2020-08-09,bookernicholas@example.net,+1-986-236-0271,12312 Williams Avenue Suite 458 Boydfort  MT 70448,Lopezport,Indiana,52589,Sri Lanka,5
Renee,Henson,Others,1985-12-05,gregorylopez@example.net,858-890-0372,406 Rivera Path Suite 854 Johnsonhaven  VI 03658,East Janechester,California,36643,Zambia,4
Albert,Willis,Not Specified,2005-01-27,tmartin@example.org,612.580.2432x785,72479 Bautista Isle Apt. 356 Richardmouth  FL 26278,Christopherborough,Vermont,16449,Martinique,3
Ian,Mcdowell,Not Specified,2013-06-11,jessica68@example.com,001-741-646-5161,806 Elizabeth Road New Henry  NE 06288,North Jose,North Carolina,12517,Palestinian Territory,2
Brian,Luna,M,2016-07-02,walkeranna@example.com,5049295648,167 Alicia Spring Bradleychester  WY 59882,Port Stevenfurt,Louisiana,01971,Kazakhstan,5
Wesley,Mason,M,2023-08-14,xowens@example.net,001-967-730-9689x728,02333 Levine Light Suite 820 Lake Briana  WY 91490,North Beverlyville,Louisiana,06946,Uganda,2
Arthur,Day,F,2022-05-01,iacosta@example.com,(694)735-1458x765,61092 Hernandez Plaza Suite 705 Hutchinsonfort  NC 22807,Port Melissa,Montana,26335,Montenegro,1
Jeffrey,Torres,Not Specified,1984-11-22,rebeccamullins@example.com,745.756.1969,9208 Kristina Camp Suite 639 Paulaburgh  TX 66969,Moralesbury,North Dakota,80506,Liechtenstein,3
Jennifer,Richardson,F,1982-01-06,kevin45@example.com,001-300-998-9016,283 Henderson Estate Suite 280 North Charlesstad  ME 39652,Wilkersonton,Kentucky,40811,New Caledonia,3
Theresa,Dixon,F,1974-10-07,lauramiller@example.com,+1-855-555-2551x126,6945 Heather Cove Apt. 980 Martinshire  RI 38831,Swansonborough,Hawaii,38281,Dominican Republic,1
Matthew,Burke,Others,1984-02-23,evan14@example.net,753.864.6949x95641,Unit 1948 Box 3307 DPO AE 03067,North Amyborough,Oregon,77893,Netherlands,2
Mathew,Crawford,Others,2019-10-11,vhoward@example.org,936.591.3480x84226,23787 Andrea Ford North Briana  FL 79307,West Alyssa,Massachusetts,67907,Reunion,2
Rhonda,Thomas,Others,2007-07-20,rjones@example.com,630.511.6197x137,PSC 1760  Box 9779 APO AA 92620,Lake Tylerberg,Louisiana,98398,Albania,1
Shannon,Hamilton,Others,2022-01-09,autumn28@example.org,(230)647-4320,6449 Megan Field Ashleymouth  IA 74371,Watsonport,Alaska,71334,Aruba,4
William,Green,M,2008-12-19,jonesadam@example.org,(987)602-9806x3774,6913 Juan Skyway Port Kimberlyland  MI 06016,South Shawna,Louisiana,44229,Aruba,4
Holly,Henson,M,1992-02-12,uburch@example.net,(565)322-4092x429,818 John Squares New Cody  AZ 48750,East Larry,Rhode Island,35374,Palau,5
Chelsea,Hubbard,M,1997-07-25,paulahayes@example.com,001-496-696-7871x186,739 James Route North Patriciabury  AL 47188,Jacobmouth,Michigan,44406,Saint Vincent and the Grenadines,5
Micheal,Singh,M,2002-09-24,mendozakristin@example.org,653-336-2155x282,15744 Lisa Summit Suite 795 Port Stevefort  CO 96988,New Jacquelineland,Nevada,45335,Jamaica,2
Justin,Evans,F,1988-10-17,jonathancervantes@example.org,(762)623-0772,190 Johnson Mews Apt. 273 West Karl  VI 37676,Lake Kathleenton,Connecticut,67142,Cameroon,3
Devon,Brown,M,1993-12-26,jasonrubio@example.com,589-936-4794x28008,509 Thomas Stream East Jeffreyville  HI 01453,Mollytown,Nebraska,37045,Cote d'Ivoire,1
Joseph,King,M,2008-07-20,zgibson@example.org,493-948-6394,5649 Grant Brook Blackshire  CA 73033,West John,West Virginia,50991,Tunisia,2
Matthew,Jones,M,1988-04-23,brandonscott@example.org,779.210.4502x097,4253 Leah Common New Jamie  WV 16607,Smithland,New Jersey,50676,Iran,2
Dana,Lewis,F,1994-08-17,richard49@example.com,384-675-5258x25652,77423 Rodney Ports South Douglasfurt  LA 95413,Thomaston,New Mexico,19109,Haiti,2
John,Davis,Others,1970-06-14,walshdonna@example.org,306-443-4481x8562,482 Robertson Mall West Tiffany  MS 46809,East Amyport,Oregon,06885,Bahrain,5
Rebecca,Alvarado,F,1993-03-31,sshields@example.net,920.301.5380x6261,Unit 5687 Box 2558 DPO AP 33423,Lake Jessica,Iowa,58944,Azerbaijan,2
Clayton,Fitzgerald,Not Specified,2015-04-17,murphyanthony@example.org,(897)399-7081,811 Brian Brooks Brownville  ND 75507,Jamestown,Nebraska,77310,Saint Helena,3
Bradley,Nguyen,M,1985-05-02,slarson@example.com,(527)221-2691,27318 Brian Shoals Apt. 176 Davidton  IL 75648,New Jeffery,New Hampshire,74840,Liberia,5
James,Stanley,M,2014-02-11,millerjennifer@example.org,+1-497-489-3574x7807,037 Tracie Manor Nicholasbury  IL 78061,East Timothyfurt,North Carolina,89675,Montserrat,5
William,Briggs,M,2013-03-31,shannon26@example.com,756-286-9237,923 Sandra Ridges Suite 198 Erikaport  DC 60752,Wattshaven,New Hampshire,60421,Syrian Arab Republic,3
Douglas,Wells,Not Specified,1978-11-04,ltorres@example.com,954.886.4126x928,130 Buck Groves Apt. 187 Dixonborough  MH 39203,Sarahbury,Ohio,83244,Latvia,1
James,Martinez,Others,1977-02-03,rwhite@example.com,(600)310-0382x22229,316 Adam Valley Port Brenda  AL 83206,Mcgeeborough,Florida,13640,Mexico,2
Alyssa,Sanders,M,2023-08-28,contrerasmatthew@example.net,(750)237-6894x9170,05247 Jose Wells Suite 774 East Victorton  WY 03426,Melissaborough,Illinois,68323,Isle of Man,2
Timothy,Perez,Others,1973-09-10,melissasimpson@example.org,001-458-313-8593x07330,29211 Martin Via Apt. 166 Port Haleytown  UT 49418,Torresmouth,Florida,99922,Luxembourg,4
Ann,Warren,Not Specified,1994-03-28,daviskelly@example.net,9755603517,58014 Elliott Park West Patrick  RI 91448,Christystad,Missouri,76581,Saint Barthelemy,4
James,Carr,Others,2002-08-30,rsimmons@example.net,973.369.0996x6025,3675 Perez Landing Apt. 443 East Randy  MA 42552,Jasonburgh,Massachusetts,13208,Aruba,1
Jodi,Douglas,Not Specified,1993-01-25,williamzimmerman@example.org,(294)351-0309x68146,842 Craig Valley Apt. 746 Josephton  NY 16834,Ashleyborough,Pennsylvania,89139,Ireland,3
Tracy,Blair,Not Specified,2007-07-14,jake63@example.com,001-837-558-1279,3504 Wheeler Gateway Suite 606 Lake Monica  ME 45781,South Emma,North Carolina,50750,Burundi,1
Kara,Schmidt,M,2008-07-22,molly60@example.net,001-823-435-8891,838 Beth Skyway Apt. 769 West Davidview  TN 10768,East Margaret,Oregon,94608,Norfolk Island,3
Donna,Rivera,Not Specified,2003-06-10,hollandalicia@example.com,001-499-652-6079x74505,42716 West Prairie Bryanville  PA 61328,Hoganville,Hawaii,12918,Ukraine,4
Tonya,Harrington,Others,1997-03-25,davidjohnson@example.com,+1-383-713-7193x88417,5760 Dalton Dam Apt. 057 Jonesshire  ND 62570,Emilyfurt,Oklahoma,90889,Singapore,3
Ray,Simpson,Others,1987-07-07,jenniferberry@example.net,(232)247-8257,10884 Smith Bridge Apt. 940 East Jacobfort  AK 67042,Brianfurt,Maine,79855,Ireland,4
Paul,Reyes,Others,2002-01-15,goodrichard@example.com,001-237-559-5077x001,USNV Rodriguez FPO AE 97882,Vincenthaven,Mississippi,77869,Palestinian Territory,2
Donna,Taylor,F,1971-02-21,ugoodman@example.net,(383)393-1714x520,29932 Danielle Pine Apt. 791 Bradleybury  MI 74449,Richardfurt,North Dakota,89109,Romania,2
Christopher,Moon,Not Specified,1983-09-13,stevensjames@example.org,708.979.3453x031,0656 Farmer Squares Apt. 695 South Edwin  MO 91891,Warnerside,Massachusetts,87916,North Macedonia,4
Harold,Williams,F,2021-08-17,cgreen@example.com,(770)288-9337x47860,93229 Richard Square Apt. 407 Johnsonside  MN 50106,East Kurttown,Georgia,47690,American Samoa,1
Tom,Fitzgerald,Others,2016-08-27,isabelsalazar@example.com,(441)762-7117x8889,3189 Thomas Cove Suite 040 West Richardville  VA 93793,South Josephshire,Montana,42568,Hong Kong,1
Kimberly,Johnson,M,2015-12-07,swolf@example.org,(251)332-5039x531,52755 Pamela Landing Fischerborough  PA 11386,Morafurt,Montana,92154,Holy See (Vatican City State),3
Michelle,Edwards,F,1991-02-12,becky89@example.org,(624)548-9520,034 Newman Stravenue West Michael  PW 21204,Gibsonside,Mississippi,14578,Rwanda,3
Thomas,Butler,M,2000-10-11,chernandez@example.com,884-772-9396x1660,839 Mcintyre Island Apt. 803 South Erik  MN 35981,Penaside,Louisiana,56827,Malta,3
Scott,Young,Not Specified,1971-08-22,rodney59@example.net,+1-654-730-9889x919,8181 Moore Alley Apt. 748 North Carrieville  WA 56937,North Anthony,Arkansas,29520,Nauru,5
Kayla,Espinoza,Not Specified,2022-08-14,kathleengamble@example.org,(468)963-3862,877 Arnold Harbor Kennethbury  WY 41631,Scottborough,Missouri,34982,Palestinian Territory,3
Curtis,Nguyen,Not Specified,2006-07-03,randywilliams@example.com,4716909769,524 Felicia Circle Lake Samuel  AL 57144,South Gregoryville,Massachusetts,57460,United States Virgin Islands,5
Rhonda,Cunningham,M,2020-01-14,kelly75@example.net,+1-878-604-9622x2846,2003 Lopez Garden South Patty  RI 44457,Maytown,Washington,97938,Mauritania,4
Steven,Smith,F,1998-05-25,johnmartinez@example.org,(234)274-9539x087,USCGC James FPO AA 07571,Ericborough,Maine,93288,France,4
Alejandra,Edwards,M,2024-03-18,hilljoshua@example.net,437-241-0308,11481 Sanchez Shore Lake Julieville  FM 41239,Davistown,Maine,15486,Guernsey,2
Stephen,Miller,Others,2021-09-24,cookerik@example.net,(913)683-3368,56798 Ashley Island Rhondahaven  PW 66900,West Christopher,Georgia,13051,Croatia,2
Joshua,Gill,Others,1991-07-03,adamsjoshua@example.com,+1-647-765-8463x73679,676 Peterson Place Hornehaven  KS 19812,Westchester,Mississippi,69252,Botswana,1
Christopher,Spencer,F,2008-10-24,whamilton@example.com,2947708141,86737 Clark Course South Davidshire  OH 34660,West Jennamouth,Michigan,51893,Samoa,1
Briana,Jones,M,2021-04-12,emilytorres@example.net,001-342-931-6698x5102,19514 John Junction Apt. 775 Lake Christopherport  KS 64288,Cohenland,Rhode Island,97039,Guernsey,2
Dawn,Roberts,M,1970-11-26,margaret59@example.net,283-929-8215x75701,Unit 7085 Box 7242 DPO AA 42861,Port Christineshire,Alabama,14343,Pakistan,4
Jeremy,Jones,M,2009-08-18,scottwest@example.net,+1-723-432-8520x16468,64126 Patrick Glen Suite 867 Karenhaven  WI 21583,Port Wayneville,Arkansas,03526,United States of America,5
Whitney,Brooks,F,1972-05-27,hubbardjacob@example.com,001-904-369-0520x2939,80765 Timothy Camp Apt. 639 Parkerchester  FL 25872,East Joshuafort,Vermont,17397,Lao People's Democratic Republic,3
Maria,Davis,Not Specified,2015-01-27,bprice@example.org,001-595-218-9513x84296,975 Taylor Divide Suite 260 Georgeburgh  NE 48284,South Crystalton,Nevada,54315,Rwanda,5
Cynthia,Johnson,F,2014-03-23,schmidtbrian@example.com,(966)491-3697,45122 Roger Light South Stephanieside  CA 98165,Christinaport,Oklahoma,22771,Tanzania,2
Adam,Church,F,1987-02-27,james94@example.net,731-465-3562,4175 Maxwell Terrace Lake Tamistad  MI 02073,Port Claudia,Montana,57887,Sri Lanka,3
Lisa,Roberson,M,2005-10-18,fitzgeraldkaitlin@example.com,+1-202-339-4231x66018,9719 Taylor Freeway Suite 720 Jeremyhaven  WI 86602,South David,Iowa,28441,Greenland,5
Keith,Sandoval,Not Specified,2014-02-01,newtonamy@example.org,975-705-1408,85898 Morris Stream Apt. 014 East Richardtown  FL 97633,Michelleview,New Jersey,51727,Jersey,2
Debbie,Bell,Not Specified,2017-05-19,rhondareed@example.com,001-745-399-9329x86537,5088 Powers Stream New Deborah  UT 18052,Munozview,Connecticut,63635,Luxembourg,1
Kimberly,Dickson,F,1998-05-15,alexandracox@example.com,648-229-2196x9714,159 Robinson Well East Douglas  OH 42183,East Willie,Kentucky,58156,British Indian Ocean Territory (Chagos Archipelago),4
Brian,Farrell,Others,1983-12-31,elizabethpowell@example.com,936-335-2176x9439,7163 Brandon Ports Ramirezview  GU 34101,Port Waltershire,Connecticut,29146,Latvia,2
Walter,West,Not Specified,1980-01-10,william72@example.org,3118891344,79017 Felicia Summit Suite 529 Port Preston  PW 82870,Smithside,North Dakota,30815,Timor-Leste,1
Stacey,Reese,Others,2002-04-22,mccallhannah@example.com,679.216.4062x726,145 Smith Village Suite 207 Georgehaven  SC 64123,Sanfordport,Virginia,52284,Burkina Faso,2
Ashley,Butler,Others,2025-05-10,ejones@example.net,699-221-0046x989,980 Coleman Lake West Michael  NC 81803,Diamondfurt,North Carolina,17232,Portugal,4
Diana,Rogers,Others,1975-07-05,christopher12@example.org,(287)480-6526x87814,50487 Amy Cape Jadetown  PW 60426,Lake Joshua,Ohio,34330,Tunisia,1
Ashley,Webb,Not Specified,2003-03-05,harrisshane@example.org,001-482-884-5290,69479 Lindsey Ridge Suite 499 Meyerton  ID 44284,Markberg,Delaware,83063,Liberia,1
Heather,Williams,F,2004-09-15,courtneyclark@example.com,431.318.9389,15272 Jeffrey Burgs South Christopher  CA 36173,North Michelle,Idaho,39287,United Kingdom,2
Robert,Gentry,F,1986-04-05,mooretimothy@example.net,915.825.2993,296 Herring Freeway Suite 950 West Danielle  TN 31616,Port Kevin,Oklahoma,17986,Slovakia (Slovak Republic),2
Frank,Holland,F,2004-09-22,prodriguez@example.org,790-683-5108,4517 Carter Club Apt. 869 Jameston  CA 55574,South Crystalfurt,Nebraska,10182,Mozambique,3
David,Torres,M,1988-02-09,lfuller@example.net,(594)566-8454x0218,550 Jeffrey Prairie West Michael  SD 67067,South William,Nebraska,65271,United Kingdom,5
Michael,Gregory,Others,1992-01-07,parkeramy@example.org,814.581.1216,69517 Lopez Isle Taylortown  NY 31295,Chaseton,Nevada,20360,Belize,2
Susan,Ponce,F,2004-11-03,hugheselizabeth@example.com,729.746.6095,5465 Oliver Drives Suite 151 South Michaelland  GA 63175,Beckystad,Washington,35754,Bahrain,3
Jessica,Cuevas,M,2016-07-21,nancy63@example.org,419-377-0493x982,PSC 5305  Box 9851 APO AE 06569,Davidstad,Indiana,30859,Morocco,5
David,Johnson,Not Specified,1991-06-18,deleonashley@example.com,529-830-1093x39598,83222 White Mountains Ryanland  KS 12432,Vegatown,Massachusetts,34990,Lithuania,1
Samantha,Wood,M,1970-10-13,garciaanthony@example.com,940.376.0786x97859,277 Stephens Islands Apt. 708 Haleyshire  CA 82715,Lake Dakotatown,Idaho,73606,Kyrgyz Republic,1
Scott,Castillo,M,1992-08-25,gjackson@example.org,8487067108,234 Hutchinson Drive Patrickmouth  IL 88328,Devinfurt,Missouri,83441,Liechtenstein,1
Nancy,Johnson,Not Specified,2008-12-30,oduncan@example.org,544.502.6313x433,39138 Christopher Fall Suite 527 South Dustinmouth  OK 33895,Port Philip,Kansas,30411,Panama,2
Carol,Shaw,Not Specified,1996-11-08,andrewreeves@example.org,9173518656,646 Mcdonald Cove South Georgefurt  MP 86809,East Troy,North Dakota,40245,Macao,3
Tammy,Evans,Not Specified,1986-04-17,kjohnson@example.net,402-389-1079x0724,5128 Paul Fort Suite 116 Hunterberg  NJ 00886,South Kimberlyton,Kansas,14123,Peru,3
Samuel,Adams,F,1998-09-21,mooresusan@example.net,290.672.2094x77638,7922 Sarah Flats Apt. 985 Christopherfort  MD 93730,Reginaldview,Illinois,75205,Denmark,2
Jason,Mcmahon,Not Specified,2023-12-20,zcasey@example.com,(826)304-6137,05137 Miller Viaduct North Zacharystad  MN 91401,West Sarahberg,Delaware,82195,El Salvador,5
Sharon,Nguyen,M,2025-02-23,stevenrodriguez@example.org,+1-571-780-2086x428,Unit 0804 Box 7997 DPO AE 61315,Port Ralph,North Carolina,78380,Dominica,2
Brittany,Powell,F,2021-02-17,ballmichael@example.com,816.866.7274,45063 Hughes Spring Elizabethstad  MI 90688,Port Jasmine,Nebraska,32338,Moldova,2
Jason,Summers,M,1988-07-27,tinabrown@example.net,950.565.8433x958,925 Lawrence Villages New Carolyn  NH 79551,Davidstad,Ohio,54367,Norway,2
Paul,Jones,F,1974-01-23,kevingregory@example.com,418.383.1589x502,96864 Scott Mountain Suite 778 Williamsborough  WV 29752,Christinemouth,Arizona,30107,Colombia,3
Jennifer,Smith,Others,2020-06-25,paulmitchell@example.com,8042140829,20602 Williams Port Martinfurt  AZ 05487,Carrilloland,New Jersey,17699,Brunei Darussalam,2
Jay,White,F,1987-07-20,mbell@example.com,472-996-7188x0579,013 Nicholas Club Lake Edwardberg  GA 21947,Lake Connie,Oklahoma,66023,Argentina,4
Glen,Hardy,F,1978-10-14,gilmorecarlos@example.net,+1-215-613-1553x4234,060 Jose Plain Rogershaven  NE 59220,West Elizabethtown,Tennessee,38621,Mozambique,2
Crystal,Glass,F,2010-05-22,kyleroberts@example.org,757-792-5646,Unit 2606 Box 2392 DPO AA 84207,Lake Tonyamouth,South Dakota,72363,Bosnia and Herzegovina,4
Nathaniel,Willis,Not Specified,1985-07-13,ramirezstacey@example.net,+1-605-564-1288x29482,0514 Fritz Rest Apt. 580 Lake Amberhaven  KS 35904,Monicahaven,Wisconsin,64695,Singapore,4
Jordan,Mahoney,Others,1975-04-29,nlambert@example.net,001-863-510-8089,108 Medina Expressway Suite 718 West Justin  NC 46870,North Donald,Arizona,83654,Pakistan,3
Sean,Foster,M,2014-07-06,christopherchaney@example.net,001-396-347-7697x88500,32950 Robertson Knoll West Gwendolyn  CO 25358,South Michael,Washington,84574,Singapore,1
Kristine,Ross,Not Specified,1977-09-15,williamsjill@example.net,237-461-0704,Unit 7073 Box 6982 DPO AE 40153,Port Christychester,Missouri,56573,Ukraine,3
Robert,Hernandez,M,1992-03-08,frederick34@example.com,001-530-724-8709,99461 Cynthia Forges Suite 062 Port Kennethhaven  PW 45005,South Kaitlyn,Idaho,00682,Bulgaria,3
Michelle,Willis,Others,2011-10-05,mullinsshannon@example.org,6686314982,129 Jennifer Trail Apt. 616 East Steven  ND 48702,Edwardsfurt,Ohio,80309,Cameroon,3
Kristin,Ramos,M,2007-08-22,nancy59@example.net,604.566.7580x617,76307 Johnson Prairie North Donna  TX 42672,Roberthaven,South Dakota,35811,Heard Island and McDonald Islands,2
David,Bailey,F,1983-04-29,colleenbarrett@example.com,938-910-3573x17901,69857 Michael Cove Apt. 353 Port Danielshire  NC 35394,Sanchezhaven,California,72084,Dominica,4
Gerald,Anderson,Others,1973-03-29,zjones@example.net,871.663.1055,PSC 3657  Box 2093 APO AE 98338,Port Stacy,Rhode Island,51090,Guatemala,2
Heather,Morales,M,2002-12-24,carrie87@example.com,458.243.2934x092,48270 Mark Course Aaronview  IA 85308,Solomonfort,Texas,87226,Qatar,3
Danny,Sanders,F,1973-06-17,asandoval@example.net,8327835991,Unit 3448 Box 5268 DPO AA 13419,Moorefort,Kentucky,92018,Wallis and Futuna,5
Julie,Guerrero,F,2013-09-20,justinsexton@example.com,001-654-448-9247x91949,Unit 2569 Box 3230 DPO AE 67689,North Misty,Oklahoma,66530,Tonga,2
Lisa,Stewart,Others,1973-05-17,michelebutler@example.org,+1-448-533-9471x064,41664 Michael Island Suite 847 New Valeriefurt  GU 83609,East Dwayne,South Dakota,21325,Benin,4
Laura,Bender,F,2012-04-18,bauerbryan@example.com,+1-361-683-5264x1865,3282 Snyder Field Jennafurt  ND 78332,Jessicaside,Massachusetts,19171,Taiwan,5
Sydney,Luna,Not Specified,1982-10-13,kathykelly@example.net,498.454.6816x43890,79542 Hayes Grove Suite 857 Melissaland  PW 07250,Angelashire,New Jersey,53430,Kyrgyz Republic,2
Patrick,Irwin,F,2009-02-28,cgomez@example.net,707-397-4810,78734 Wilkins Burg Apt. 198 South Todd  CT 83262,Seanstad,Massachusetts,25715,Paraguay,4
Peter,Nelson,Others,2001-01-05,ymartin@example.net,743-478-6473x00467,Unit 9236 Box 4802 DPO AE 95912,Lake Jordanborough,Mississippi,49966,Hungary,5
Anthony,Campos,Not Specified,1989-04-30,ballardcandice@example.org,3816950647,067 Brent Vista Suite 427 North Regina  AR 26978,South Michael,Louisiana,81195,Turkey,1
Elizabeth,Stephens,M,1997-05-25,joseph25@example.net,001-403-224-3710,667 Calderon Circles North Lisa  WA 09514,Hannahland,Connecticut,82520,Tuvalu,1
Kevin,Martinez,Others,1973-02-21,juliemckee@example.net,859-496-4627,3257 Erin Land Apt. 591 South Michelle  MP 26757,Owenston,Idaho,65818,Benin,5
Jacqueline,Watson,Others,2007-08-24,vreyes@example.org,(583)241-1063,314 Sarah Key Suite 065 South Antoniomouth  NE 32983,Kristenborough,Utah,23660,Saint Lucia,1
Daniel,Lozano,F,2021-02-24,roberthall@example.net,+1-419-636-0473,168 Martinez Ports Suite 192 Rossborough  NJ 43699,New Candicechester,Rhode Island,62042,Bahrain,1
Mary,Hamilton,M,2001-05-28,anita37@example.com,(650)682-5158,700 David Camp South Michaelport  OR 76724,Fuenteschester,North Carolina,04800,Anguilla,5
David,Pratt,M,2025-02-15,alexbryant@example.org,920-360-3957,13605 John Drive Apt. 519 Daughertyberg  WA 74972,Jamesborough,Delaware,47692,Yemen,5
Heather,Mendez,F,2013-07-05,mmarshall@example.org,725.832.8278x45251,01406 Lauren Via West Paulland  WA 27091,Meredithhaven,Colorado,02639,Greece,2
Maria,Shelton,F,1978-07-21,pcobb@example.net,793-407-7779x8299,388 Rice Trail Suite 394 Johnchester  FL 56845,South Jessicaburgh,Alabama,59792,Cote d'Ivoire,5
Rhonda,Wilson,F,2009-12-01,graveskevin@example.net,+1-301-896-1742,633 Mosley Mountain Apt. 648 Kellyland  RI 19684,Willisborough,Alabama,34678,Palau,3
Joseph,Lindsey,M,2012-08-14,rlopez@example.org,391.462.6353x7272,3180 Ann Place Huntport  TN 64552,New John,New Hampshire,61629,China,5
Rachel,Schroeder,Others,2009-08-30,mackenzie54@example.com,(571)587-0271,Unit 3440 Box 4898 DPO AE 88221,Laurabury,Arkansas,20621,Dominica,4
Heather,Frost,Others,1972-04-09,jameschristopher@example.net,2783575845,144 Ian Points East Matthewburgh  LA 06493,Wardville,Missouri,15649,Norway,3
Angel,Richardson,Others,1981-03-27,curryevelyn@example.com,(898)334-4839x2858,77003 Marshall Trace South Davidstad  MI 13419,Floydstad,Connecticut,53169,Lesotho,5
Frances,Rivas,Others,1983-04-13,sampsonlisa@example.net,(842)771-5505x5727,PSC 7839  Box 2052 APO AA 10362,West Blake,Maine,63561,Croatia,5
Alan,Clark,Others,1997-10-17,melissanavarro@example.net,(872)814-8684x0148,732 Morrow Gateway Apt. 513 North Stephanieville  WA 28374,Klinehaven,Alaska,83266,Bosnia and Herzegovina,2
Lee,Graves,Others,1993-12-24,lindawhite@example.org,(336)395-6434,98770 Colleen Inlet Apt. 941 New Juan  MI 41804,Thomashaven,Delaware,68409,Antigua and Barbuda,1
Thomas,Gomez,M,1996-10-07,joanna83@example.net,2844540837,926 Stone Path Apt. 933 Jameston  OR 20525,South Patricia,Missouri,12257,Cayman Islands,4
Amy,Bryant,Not Specified,2010-12-30,devin32@example.org,390-698-6708x05947,68266 Hayes Station Apt. 712 Rogersmouth  NV 50121,East Christopher,New Hampshire,33110,Rwanda,5
Mandy,Huynh,Not Specified,2025-06-07,idawson@example.org,(336)564-3461,2998 Sanchez Trail New Angelaport  MH 97984,Boydmouth,Idaho,21372,Greece,2
Victor,Cole,Not Specified,2008-08-20,pevans@example.org,616.363.1901x594,212 Ibarra Wall Lake Rachelton  NY 12573,Mooretown,South Carolina,77795,Tanzania,5
Peter,Mathis,F,2010-01-01,fischermatthew@example.com,428-973-9604x2600,285 Hodge Falls Suite 980 West Geoffrey  AZ 90717,Stephanieview,Indiana,48199,Timor-Leste,5
Michelle,Gutierrez,Not Specified,1975-03-25,matthew04@example.net,203.889.4619x8144,545 Baker Row Apt. 694 Jeffreyberg  AK 68620,North Courtney,Texas,07551,Egypt,2
Carla,Holmes,F,2018-04-08,samuel90@example.net,001-885-235-0365x3246,6458 Franklin Gardens Andersonton  IN 83620,South Elizabethview,Oregon,18314,Ukraine,2
Belinda,Hensley,Not Specified,1984-06-09,kaitlinruiz@example.net,781-486-3423,62885 Alex Centers Garzatown  PR 72653,Donaldmouth,Arizona,00608,Malaysia,2
David,Frank,Not Specified,1973-02-08,adam30@example.net,001-354-357-0748,44724 Mary Track Apt. 899 Fosterfort  VA 78100,Port Laura,Mississippi,04472,Oman,3
Willie,Smith,Others,1975-10-31,uwhite@example.net,+1-724-822-9998x61976,86109 Watts Landing Suite 407 West Rebeccafort  IN 98343,Jennifermouth,Hawaii,65914,Austria,3
Jeffrey,Reeves,Others,2003-01-15,stephanie83@example.com,5688411025,31920 Kim Mall South Tarashire  LA 17432,Port Jeffrey,Hawaii,98590,Guinea,5
Lindsay,Wilson,Others,1997-04-30,erin49@example.org,001-724-563-5604x1063,732 Monica Greens Lemouth  ID 92453,Smithbury,Maine,61420,Swaziland,3
Xavier,Shepherd,F,2016-05-22,vbailey@example.com,(303)546-7667x25467,97859 Mcmillan Course Suite 788 Hubbardshire  NY 12033,Port Deniseland,Alaska,24982,Comoros,4
Heather,Hill,F,2000-11-15,hansendavid@example.com,+1-544-496-9225x12665,4478 Scott Course Suite 840 Lake Kimberly  ME 84065,South Tony,Virginia,05091,Serbia,3
Emily,Mcintyre,M,1977-08-09,scottlevine@example.org,(837)547-9957,4662 Patterson Pike Apt. 905 New Rebeccaside  NV 24235,Port Juan,New York,91306,Lesotho,4
Kirsten,Blankenship,F,1972-09-17,camerongomez@example.com,(332)477-3801x633,0984 Baker Islands Suite 805 West Andrew  KY 64667,Mirandaview,Wisconsin,29980,Zimbabwe,1
George,Campbell,Not Specified,1982-12-11,wriley@example.com,+1-788-451-7235x16930,2367 Spears Radial Suite 673 North Thomas  GU 20494,East Carlosborough,Texas,23140,Cameroon,3
Jose,Perez,M,2024-10-18,juansimpson@example.com,(692)767-5249x076,0527 Rosales Manors Ellenville  PW 92452,New Candice,Florida,00590,Heard Island and McDonald Islands,1
Linda,White,Others,1971-06-18,nguyencarl@example.net,+1-441-365-5101x64098,8403 Campbell Dam South Morganborough  TN 20199,New Zachary,North Dakota,30508,Mauritania,4
John,Mccann,Others,1975-10-22,tylerkim@example.net,(766)266-6790x3668,04791 Brandi Ranch Lake Patriciaview  TN 79632,East Emily,Oklahoma,67081,North Macedonia,4
Louis,Miller,F,1977-11-23,williamsthomas@example.com,(206)596-6560x1492,06379 Butler Stream Apt. 488 Pamelaland  RI 84860,North Jeffreystad,Colorado,90841,Congo,4
Luis,Maxwell,Not Specified,1973-04-07,richardsonheidi@example.org,909-742-2832x24310,966 Thomas Expressway Suite 434 East Alicia  KS 67385,Greenechester,Alabama,18381,Kyrgyz Republic,5
Anna,Meyers,M,2014-01-04,nthompson@example.com,832-411-0878x3471,Unit 5780 Box 6756 DPO AE 22808,North Joshua,Iowa,29803,Mayotte,1
Bryan,Montoya,Others,1988-07-19,davidstanley@example.org,(205)436-2369x97479,7328 Ashley Fork Suite 757 Melissachester  WY 22622,New Vickiebury,Texas,16664,Singapore,5
Tim,Dougherty,M,2013-04-30,salazarmaria@example.org,541-790-0671,8931 Nancy Corner Apt. 086 South Cheryl  PA 89129,Darrenton,Arizona,75429,Netherlands Antilles,4
Stacey,Rose,M,1980-10-04,coreyvalencia@example.org,(648)231-9068,14735 Jones Parkways Suite 671 Port Shannonburgh  MH 78171,Port Tina,Pennsylvania,31902,Ethiopia,2
Susan,Fischer,Others,1992-03-04,hickmanelaine@example.org,2233486389,70173 Brenda Ways Port Dianashire  HI 55903,North Krista,Maine,53743,Iran,4
Christopher,Boyd,F,1979-11-07,ortizlisa@example.com,001-760-874-3756x35499,665 Kathryn Ridges South Adriennefort  KS 85478,Michaelville,New Hampshire,62184,Grenada,5
Ryan,Barker,M,1993-06-04,kathryncastaneda@example.org,+1-856-562-9069x666,5862 Young Fork Suite 661 Lake Cindy  IA 66188,Lake Paul,Michigan,38082,Grenada,5
Barry,Riley,M,1999-11-29,heather81@example.org,(695)408-8017,91356 Evelyn Hill Lindachester  ND 79040,Barryville,Arizona,82553,Mali,3
Aaron,Hood,F,1986-01-18,mandy48@example.com,(735)436-2691x01071,4859 Karina Bridge Suite 384 Boydside  PW 87061,East Hayley,Louisiana,40374,Suriname,4
Karen,Bennett,Others,2009-09-16,phelpsrichard@example.com,+1-292-206-8210,6210 Sandy Valley South Jamesmouth  IL 54324,East Raymond,California,87783,Bouvet Island (Bouvetoya),1
William,Jordan,Others,1981-10-03,dmorris@example.org,4457851851,54273 Estrada Viaduct Suite 692 Oliverport  DC 63731,Susanfurt,Michigan,05103,Algeria,2
Dalton,Fischer,Others,2000-03-22,jose73@example.org,902.817.9707x7515,USNV Branch FPO AA 53817,Lake Jameston,North Carolina,68295,Ukraine,1
Jessica,Hanson,F,1987-10-01,brookepeters@example.net,377.329.7726x84029,06421 Ashlee Stravenue New Alexanderstad  NV 48646,West Tyroneshire,Idaho,26746,Greece,1
Brendan,Cordova,F,1991-04-21,crystal72@example.org,954.715.7907,1413 Michael Oval Apt. 203 North Lindamouth  KY 11904,South Shannon,Colorado,05811,Belize,3
Margaret,Miller,Not Specified,2015-08-10,stephensmichael@example.org,+1-861-256-0750x453,Unit 8390 Box 8297 DPO AA 21065,Rodneyview,Maine,33670,Saint Barthelemy,3
Nicole,Hernandez,F,2016-11-01,ylee@example.org,402-809-5163,347 Castro Plain Lake Melissa  PA 64790,Christineville,Pennsylvania,97973,Japan,4
Tammy,Moore,M,2007-07-12,wangrenee@example.com,001-893-577-3658,50105 Jerry Plain Suite 457 Port Karen  OR 50937,South Robertmouth,Alaska,39472,Qatar,2
Joseph,Jackson,F,1979-06-25,tgriffith@example.net,(285)892-0009x36609,5431 Mindy Ridge Jordanborough  PA 59071,Paulmouth,Ohio,34142,Montserrat,3
Chad,Sloan,Not Specified,1974-11-21,dodsonmark@example.net,(583)807-7789x6685,55311 Sherman Bypass Apt. 519 Lake Sandra  CT 98830,Kimhaven,Delaware,27846,Nepal,2
Xavier,Glover,M,2008-03-21,jennifer64@example.com,856.230.8142x0953,30762 Shannon Station Suite 857 New Stephaniefort  NE 57585,Josephborough,Alabama,97496,Kuwait,3
Jessica,Page,Others,1995-03-31,brandon73@example.org,+1-600-713-1002,63346 Cortez Glens Lindsayland  CA 40770,North Carly,Colorado,84087,Latvia,3
Joseph,Jones,M,2019-11-15,lindawise@example.org,754.986.3874x1096,73502 Carolyn Crest Suite 201 Marshallville  AL 73081,Ashleyfurt,Hawaii,65993,Denmark,2
Alexis,Perry,F,2016-01-07,daniel97@example.com,001-372-859-4520,955 Cheryl Lodge Amandafurt  DC 56608,Anthonyshire,Kansas,65238,Lithuania,1
Jason,White,F,2023-10-29,tmartinez@example.net,285.877.3971,5096 Tristan Island Suite 130 Lake Matthew  LA 50396,East Kyle,Florida,30750,Cocos (Keeling) Islands,5
Jon,West,F,2020-06-03,stephen86@example.com,955.803.3057,48447 Bright Brooks North John  PW 90253,New Alyssastad,Nebraska,94202,Cameroon,4
Stephanie,Frank,M,2003-04-26,gchaney@example.net,7945480421,30290 Melanie Drives West Stephaniebury  MT 08585,South Lynnchester,Arkansas,27205,Lesotho,1
Dawn,Murillo,M,1992-11-23,matthew58@example.com,001-310-232-9789,Unit 5864 Box 2009 DPO AA 81382,Levyburgh,Louisiana,10948,Madagascar,3
Megan,Smith,M,1993-05-16,bradleycollins@example.org,7487391470,PSC 7754  Box 3909 APO AA 18760,New Michaelton,Tennessee,23059,Macao,5
Jacob,Wu,Not Specified,2022-01-22,zcallahan@example.org,998-404-6344x88442,032 Clifford Run New Michelletown  MN 94086,West Richardchester,Louisiana,55025,Venezuela,4
Michael,Chapman,F,1975-12-17,jody90@example.net,001-508-658-8271x1848,2724 Hunter Unions Morganfort  ME 19564,South Pamela,Mississippi,12492,Pitcairn Islands,1
Tracy,Frank,M,2009-12-14,jellison@example.org,561.464.7731x6872,6888 Martinez Dale Andrewborough  AK 88914,East Matthew,Alabama,74414,United Arab Emirates,5
Dustin,Jones,F,2021-08-20,jacquelinenewman@example.net,743-274-7123x59520,28223 Anthony Isle Crystalfurt  VT 26375,Tonyaborough,Ohio,25465,Faroe Islands,5
Carol,Nguyen,Others,2015-07-30,kristinreed@example.net,451.577.1418x2728,769 Nelson Centers Timothyshire  CO 28439,Amyland,North Dakota,13934,Palestinian Territory,5
Lisa,Shannon,F,2012-06-18,moorejacob@example.com,(299)518-2905x47764,USNV Green FPO AA 28495,West Bethanyfort,Wyoming,04507,Saint Lucia,1
Hailey,Perez,Others,2016-01-14,lblevins@example.net,252.937.5818,7748 Velazquez Tunnel East Rachel  PR 85659,Tammychester,Nebraska,46207,Azerbaijan,2
Tiffany,Castro,Not Specified,1999-06-22,hartashley@example.net,(990)428-6231,587 Johnson Walks Suite 863 East Darlene  AR 75284,East Joycestad,Ohio,92275,Georgia,5
Megan,Copeland,M,2022-03-08,chad20@example.org,841.724.7755x958,USCGC Vasquez FPO AA 48991,North Christopher,Alaska,67768,Tokelau,2
Melissa,Bernard,F,1992-05-07,devonshaw@example.com,946.734.9254x24270,8858 Michael Springs Suite 283 West Brandon  SC 74700,Wagnerborough,Utah,48166,Macao,2
Antonio,Duncan,M,2022-12-13,jamesgibson@example.org,953.886.5838x857,68316 Lindsay Pines Suite 664 New Michaelside  KS 50778,Hintonbury,Massachusetts,49405,Singapore,3
Daniel,Davis,Not Specified,2001-04-02,kevinjones@example.net,738.290.8968x96036,77415 Peggy Knoll Apt. 189 Heatherville  ND 08397,New Jodi,Oklahoma,72715,Brazil,5
Jeffrey,Riggs,Not Specified,1993-04-26,theresa44@example.org,646-204-8965x147,8142 Jeffrey Track Longborough  NJ 08453,Kingtown,Arkansas,58944,Yemen,1
Nicole,Shaw,M,2015-05-27,shawn48@example.net,314.599.3896x18952,47515 Theresa Valleys Apt. 788 West Jeffrey  DE 16551,Humphreyborough,Minnesota,35614,Togo,5
Andrew,Moyer,M,1983-07-13,samanthajones@example.org,001-615-823-3349x9988,2016 Perez Mountain Suite 006 Toddside  MH 19912,Lake Natalie,Hawaii,04519,Nigeria,1
Linda,Lane,Others,1977-06-05,walkertiffany@example.org,652-571-0210x8308,5070 Aimee Forks Suite 768 Shawnchester  WY 44109,Kevinfort,Maine,07891,Estonia,1
Charles,Frank,M,1982-07-27,andrea08@example.org,760-257-6347x27597,Unit 2342 Box 3572 DPO AE 58821,Port Joeshire,Pennsylvania,08175,Chad,3
Misty,Edwards,M,1990-11-07,chayes@example.net,343.992.0016x3681,201 Patricia Via Port Christopher  FM 52676,Austinland,Arizona,28852,Australia,2
Lauren,Jackson,Others,2003-08-19,umunoz@example.org,647-754-2799,7474 Leonard Plain Suite 853 East Robert  MI 96415,Romantown,Colorado,51013,Lesotho,4
Roy,Gregory,F,2002-08-11,bruce45@example.net,(701)891-0269x164,6592 James Mill Apt. 335 Melissafort  CA 31086,South Maryville,Vermont,41365,Guinea,5
Heather,Serrano,M,2008-08-18,davisthomas@example.net,326-976-4003x7629,29541 Dustin Shoals Port Derekview  RI 27774,Ericland,North Dakota,46104,Botswana,2
Cynthia,Wright,Not Specified,1980-01-27,mary55@example.com,730-213-3190x3533,636 Sharon Pike Anthonyshire  TX 05818,West Michaelmouth,New Hampshire,65495,South Africa,3
Julie,Potter,Others,2011-08-19,russellkaren@example.org,+1-673-388-9466x3230,760 Edward Cove Mayerton  VI 85535,Port Mark,South Carolina,32355,Reunion,2
Bill,Garcia,M,2001-02-22,james08@example.com,001-339-466-9909,8098 Elizabeth Bypass West Williamton  VI 11351,Port Timothy,Virginia,96752,Colombia,1
Jill,Carter,Others,1991-06-07,william80@example.net,(257)661-9809x6034,692 Dennis Camp West Lauren  CO 51100,North Rebecca,Oregon,71838,Gabon,5
James,Brown,M,2003-08-07,johnwright@example.net,982-222-7535,4396 Chandler Plaza Apt. 553 Johnport  MD 88751,Anneborough,Tennessee,58731,Uruguay,3
Jessica,Lambert,Not Specified,1996-05-11,jamescarter@example.net,556.363.4308x92243,256 Schultz Overpass Suite 033 New Catherineland  WY 53949,South Angela,Oklahoma,99033,Italy,2
Jennifer,Jones,F,2023-08-07,jennifer47@example.org,(940)323-7992x0586,274 Stone Parkway Apt. 729 Port Timothytown  FM 93070,Port Benjamin,Rhode Island,26921,Dominica,1
David,Duffy,Not Specified,2010-11-26,nbaxter@example.org,(276)333-4694x66502,42477 Vargas Unions Leontown  PA 84527,Lewisland,South Carolina,82571,Serbia,1
Jennifer,Nelson,M,2001-04-01,michaelsmith@example.org,368.398.2502x245,628 Tyler Curve Suite 592 East Rebeccaberg  SC 42240,Smithfort,Connecticut,83566,Tokelau,2
Jeremy,Downs,Not Specified,2003-11-11,haley55@example.com,+1-259-816-1977,75657 Tasha Field Suite 313 Olsenburgh  GU 49979,Marvintown,Washington,25409,United States Virgin Islands,5
Mercedes,Lamb,Not Specified,2011-07-19,xtanner@example.net,(618)832-8123x19570,9012 Jones Valleys Lake Angelafurt  MS 82614,New Jessicamouth,Alaska,33971,Luxembourg,4
Elizabeth,Weber,Not Specified,2011-04-23,zdouglas@example.org,+1-719-388-5273x98046,00066 Campos Dam New Meganside  AL 67340,Rileyport,Virginia,90448,Niger,3
Leonard,Mendoza,Not Specified,1981-09-25,codyhernandez@example.net,(656)868-6965,20113 Nicholas Parkways Apt. 556 Port Robertoview  NE 87690,Dianamouth,Wyoming,36888,Guyana,3
Samantha,Foster,Not Specified,1997-10-21,taylor41@example.net,(440)604-8539x610,7862 Nunez Pass Suite 892 Youngfurt  MT 92293,West Wendyhaven,Indiana,95476,Ghana,5
Eric,Salas,M,1976-12-10,jhull@example.net,001-329-845-0833x7963,1744 Hardy Pass Wilsonland  IL 76043,Matthewville,Hawaii,84723,Zambia,5
Megan,James,Not Specified,2003-04-06,laguilar@example.net,277.664.7308x194,2480 Joe Forge Apt. 928 New Krista  NM 76691,Michaelland,Louisiana,78449,Saint Vincent and the Grenadines,2
Michael,Freeman,Others,1972-01-16,qallen@example.org,4705609152,76427 May Brooks Joshuahaven  SD 30238,Briannastad,Idaho,05257,Kazakhstan,2
Emily,Salas,M,2023-02-10,smithlisa@example.net,(790)864-2182x9803,2785 Linda River West Karinaburgh  DC 51916,Lake Heatherton,Idaho,20889,Philippines,1
Jennifer,Grant,Others,1994-09-13,joe55@example.com,496.281.0831x86112,1979 Ashley Skyway Tranfurt  OR 19471,Lake Jessicamouth,Vermont,44247,Belgium,1
Michael,Guerrero,Not Specified,2004-11-20,ebeck@example.org,222-520-6473,3236 Robertson Estates East Davidchester  WI 46195,Hillmouth,New York,54720,Northern Mariana Islands,1
Sherry,West,Not Specified,1981-04-05,hlawrence@example.com,001-378-555-1183,PSC 0680  Box 0756 APO AE 71688,Port Sandra,Kentucky,22064,Faroe Islands,5
Lisa,Johnson,M,1982-04-23,billy26@example.net,756-735-3444x3732,685 Erin Motorway Suite 281 Laurashire  SC 27619,Mallorybury,New Mexico,08016,Kenya,4
David,Perkins,Others,1999-05-08,garzadebra@example.net,863-830-4735x07597,24178 Katie Center Apt. 774 East Donna  CT 71971,West Brian,South Carolina,25342,Saint Barthelemy,1
Douglas,Mercado,F,1973-09-24,amanda02@example.org,001-831-469-3845x98088,0659 Jill Mills Suite 707 Lake Thomasport  WV 83837,Markburgh,Pennsylvania,33899,Tuvalu,2
Teresa,Knox,Not Specified,2005-03-06,raymond25@example.net,001-999-721-5738x375,34977 David Vista Johnsonport  WY 38256,Bakerton,Utah,55900,Jordan,1
Michael,Mathis,F,1973-09-17,garrisonpatrick@example.net,001-604-257-3669x412,0028 Anderson Lake Apt. 262 North Michelle  AS 20859,Pageshire,South Dakota,68390,Maldives,2
Paul,Matthews,Others,1995-01-30,gsalazar@example.com,(799)205-2129x68068,591 Debra Underpass Apt. 828 North Donald  OR 51767,Tiffanyborough,Maine,47876,Heard Island and McDonald Islands,5
Scott,Durham,M,1994-08-19,rperez@example.org,(254)586-0018x31779,385 Ramirez Station Bryanshire  MD 22321,Aaronchester,Kentucky,65014,South Georgia and the South Sandwich Islands,4
Monica,Dudley,Not Specified,1986-12-14,rebecca69@example.net,(704)283-7187x5796,340 Heather Shoal Lake Miguel  KS 48607,Stanleyville,Indiana,47419,Timor-Leste,5
Randy,Thornton,M,1983-09-03,hensleycody@example.org,318.377.8576,8052 Sherman Springs Suite 780 North Nicholasview  NE 69295,Lake Alexiston,North Carolina,69214,Tajikistan,3
Paul,Perez,Others,1970-05-16,jcook@example.net,211.430.0192,78956 Spencer Point Danielchester  NV 97351,Boydfurt,Connecticut,25268,Ukraine,3
Greg,Riley,M,1986-09-22,pcaldwell@example.org,646.664.6625x5920,PSC 2343  Box 2039 APO AA 74794,Parkermouth,Massachusetts,69282,Trinidad and Tobago,1
Madison,Wagner,Not Specified,2005-04-21,nsoto@example.com,+1-329-600-4388x89015,4855 Underwood Curve Fieldsland  OH 47200,North Cheyenneborough,West Virginia,71940,Saint Vincent and the Grenadines,4
David,Robertson,Not Specified,2002-04-21,charles02@example.org,5084771180,2875 Jones Roads Christopherberg  DC 79087,East Elizabethview,Massachusetts,86155,Uzbekistan,3
Bill,Johnson,Others,2016-08-16,eric27@example.org,(861)312-0518x453,76182 Michelle Lights Lisaton  CA 96206,Johnberg,Delaware,12154,Niger,3
Angela,Reynolds,M,1970-02-23,ricelindsey@example.org,(685)310-5188,656 Derrick Parkways Suite 376 Padillaport  IA 77412,Ryanview,Alaska,43692,Switzerland,2
Joshua,Schneider,Others,1992-02-08,wanda08@example.org,4848371936,Unit 6755 Box 7445 DPO AE 95217,New Chad,Nebraska,87624,French Guiana,5
Emily,Patterson,Not Specified,2021-10-04,cartermonique@example.org,509-586-3640x5173,365 Smith Parks Apt. 975 Jenniferton  NJ 86978,Port Brianview,Utah,08341,Mali,2
Sonya,Meza,F,1976-03-28,victorianavarro@example.com,001-811-386-9248x62617,6075 Orr Inlet Jefferychester  IN 22900,West Jaime,Kentucky,15041,Hong Kong,4
Linda,Evans,Others,1999-02-08,swagner@example.com,001-438-558-9439x7112,5064 Clay Throughway Apt. 798 South Daniel  OK 87312,Weberside,Minnesota,85555,Senegal,4
Thomas,Sawyer,F,1996-04-03,bartlettkimberly@example.com,354-691-4408,4051 Mary Ridges Suite 288 Andrewsland  WI 05123,South Matthew,Missouri,31690,Guam,1
Erin,Powers,F,1997-07-20,lovecourtney@example.org,801.711.1311x981,716 Clark Crossing Apt. 235 Port Brianside  VT 78387,South Jeremyhaven,Missouri,44911,Zimbabwe,2
Michael,Moore,F,1977-01-04,robertsonlaura@example.com,328.203.5912x867,08142 Michael Manor Apt. 777 South Theodoremouth  FL 21215,Lake Joshuamouth,Iowa,02752,Bulgaria,3
Jonathan,Friedman,Others,2001-09-02,angelshields@example.net,510.339.2068,991 Johnson Spring Suite 615 West Patricialand  CO 48576,Romeroshire,New Jersey,59026,Palau,4
Allison,Pierce,F,1987-03-27,hgonzalez@example.com,227-563-1253,44160 Vincent Fields Apt. 721 Lake Phillipshire  KS 89129,South Mitchellborough,Michigan,87285,Bolivia,4
David,Mcfarland,Not Specified,1970-03-21,renee82@example.org,828.781.3644x03935,44733 Jeanne Mountains Apt. 066 New Matthewport  IA 75480,North Amanda,Rhode Island,81324,Ecuador,1
Justin,Davis,Others,1975-12-10,anthonypaul@example.org,9699671798,PSC 9368  Box 6523 APO AE 05428,East Ericton,Idaho,93021,Northern Mariana Islands,3
Samuel,Jackson,M,2015-08-12,martindavid@example.com,(221)679-6690x5542,256 Aaron Mountain Hahnberg  WI 95428,Evanstown,Kansas,81899,Turkey,2
Kathryn,Duarte,Not Specified,2018-10-31,cmartinez@example.com,592-769-0917x211,72847 Myers Crossing Larryhaven  MS 20018,Lake Patricia,South Dakota,19382,Oman,2
Jacqueline,Ward,Not Specified,1992-11-14,shawngonzalez@example.net,+1-349-694-8224x528,8760 Travis Shore Royberg  SC 13751,East Michaelmouth,Utah,71022,Saint Vincent and the Grenadines,4
Christopher,Roach,M,1995-09-13,kaitlyn48@example.com,684-313-5795,81393 Strickland Avenue Apt. 696 Robersonfurt  MD 48222,Lake Jonathan,Maine,76684,Malaysia,1
Sydney,Jackson,Others,2010-05-01,carpentererica@example.net,+1-462-861-7717x34841,26584 Brown Mill Suite 131 West Andrew  MA 15249,East Christina,California,33276,Western Sahara,5
Laura,Strickland,Others,2012-04-07,smarshall@example.org,001-924-321-7565x929,320 James Ports Apt. 087 Schaefermouth  CO 81858,Williamstad,Kentucky,37886,Azerbaijan,3
Deanna,Davis,Not Specified,2016-02-20,travis35@example.com,7983545784,50409 Donna Fall Port Bonnie  GU 46834,Joneschester,Utah,03715,South Georgia and the South Sandwich Islands,5
Elizabeth,Wells,M,1980-09-04,richard22@example.org,(515)429-9705,297 Michael Bypass Suite 852 North Andrew  OH 12452,Wrightton,Oregon,65924,Latvia,4
Paul,Weber,M,2024-05-14,kristine36@example.com,001-998-379-8598x53110,083 Rodriguez Estate East Leonardburgh  NV 86402,Robertston,New Mexico,97483,El Salvador,1
Brandon,Campbell,Not Specified,2011-01-03,rodgerschristopher@example.org,969-316-9985,Unit 6079 Box 8990 DPO AP 77320,Baileyview,West Virginia,69839,American Samoa,2
Mark,Ellis,Others,2000-11-27,wfinley@example.net,(707)526-7473,16202 David Bridge Snyderborough  NE 14002,Holmesbury,New Mexico,67681,Guinea,5
Amanda,Reyes,F,1988-01-22,rebeccabaker@example.net,316.748.0404x908,41343 Grant Mills Apt. 240 Lake Danielton  CO 55967,New Angelastad,Iowa,22349,Trinidad and Tobago,2
Timothy,Davis,F,2018-01-09,jeremy16@example.com,799.706.1727x389,37317 Allen Brooks Julieview  NJ 36966,Georgeside,Georgia,81224,Poland,3
Joyce,Moore,M,1972-07-23,robert39@example.net,+1-657-617-9696,483 Palmer Island Suite 451 New Melissa  OR 54038,Lake Michelleborough,Ohio,61991,Mozambique,3
Dana,Boone,Not Specified,1981-06-10,lewisjennifer@example.org,475-887-8072,7557 Stephen Crossroad Apt. 608 Toddside  HI 17169,Lauraton,South Dakota,56641,Morocco,5
Kevin,Stevenson,Not Specified,2007-04-03,jeremy09@example.com,4757955791,2437 Carlos Knolls Suite 462 New Sherryborough  GU 54790,Murrayside,Connecticut,50828,Mauritius,1
Daniel,Anderson,Not Specified,1984-08-01,gomezdavid@example.net,379-666-3838,634 Lopez Mill North David  AR 31159,East Davidtown,Oklahoma,56114,Jersey,5
Christine,Boyd,Not Specified,2015-10-26,juannichols@example.org,664.786.9992x929,663 Barnes Row West Andreabury  AK 75764,Johntown,New Jersey,62809,Cote d'Ivoire,2
Christopher,Weeks,M,2019-02-02,hansonkaren@example.org,2404445802,33583 Boyd Light New Jose  MD 96048,South Amandashire,Vermont,05213,Paraguay,4
Randall,Woodward,Not Specified,1998-05-23,melissabuchanan@example.net,(848)942-3372x90448,80185 Marissa Grove Tracyberg  NM 02548,Carterborough,Louisiana,20248,United Kingdom,1
Jeffrey,James,F,1976-03-26,herreracorey@example.net,912-962-8679x27634,3837 Christopher Plain Suite 492 North Ronald  WI 83987,New Christopherport,Kentucky,08414,Cambodia,5
Lance,Lopez,F,1988-01-12,golson@example.com,252-759-8095x8564,90300 Ball Parkways Apt. 033 Lanehaven  IA 62359,North Georgeview,New Jersey,15916,Nepal,4
Brittany,Johnson,Not Specified,1999-11-26,foleyjames@example.com,8332952518,05970 Rebecca Ranch Michaelside  OH 08486,Dawnburgh,Iowa,55158,Mauritania,3
Eric,Sullivan,F,1980-02-04,gregory62@example.org,344-663-0783,PSC 6093  Box 7269 APO AP 65280,Ryanfort,Texas,41821,Guadeloupe,2
Mark,Lee,Not Specified,2014-09-22,lcortez@example.net,842.348.2716x2395,2593 White Ranch Suite 162 New Elizabeth  KY 03421,New Kristinbury,Montana,81489,Argentina,5
Gary,Valentine,Not Specified,1978-12-05,matthewowens@example.com,+1-406-476-0080x97352,716 Sarah Extensions North Renee  MN 23166,Lancebury,Georgia,69508,Christmas Island,3
Gail,Terry,Others,2016-11-11,mturner@example.net,660.403.5307,53382 Justin Street Suite 438 Patriciaberg  ME 65571,Stephanieton,New Hampshire,09477,Antigua and Barbuda,3
Mark,Gentry,Not Specified,1988-01-16,mooremichael@example.net,907-497-8031,07818 Phillips Inlet Chrisborough  NC 73042,New Carolyn,North Dakota,40858,Botswana,5
Vanessa,Nelson,M,2002-11-06,proberson@example.net,934-929-9265x8134,8050 Karen Stream West Jesseport  FM 36585,Rachelmouth,North Carolina,99409,Saint Pierre and Miquelon,4
Brent,Hodge,F,1992-06-07,megan44@example.net,+1-414-826-5711x2302,2229 Janice Station Apt. 813 North Anthonymouth  NV 94076,North Patriciafort,Rhode Island,48338,Russian Federation,3
James,Evans,Not Specified,1983-10-01,pricenicole@example.com,001-920-735-6227x935,44404 Ryan Key Suite 104 Caldwellton  NE 37962,North Brendaport,Oklahoma,31668,Bulgaria,3
Catherine,Hodge,F,1989-01-18,bernard72@example.net,894.323.8950x58104,8260 Robinson Plains Apt. 557 Port Paula  DC 52625,Tuckermouth,Indiana,28931,France,5
Jasmine,Alexander,F,1982-06-08,sara76@example.net,+1-757-925-3921x41290,422 Jessica Ranch Suite 211 West Williamburgh  CA 65144,Romeroland,Missouri,25711,Central African Republic,1
Brian,Young,F,1996-10-23,joshuahouse@example.net,+1-512-674-0326x09646,5642 Steven Ranch Apt. 888 Lake Christinafort  PA 38005,Dustintown,Iowa,50792,Bulgaria,1
Jonathan,Garcia,F,1980-05-11,pmurphy@example.com,(276)632-5785,0173 Amanda Islands Jonathonton  AK 02327,Rogersville,Wyoming,09414,Guinea,2
Richard,Thompson,M,1981-02-28,rperez@example.net,3106754130,57697 Walker Keys Lake Joshua  ME 90332,West Nicholasfurt,Massachusetts,31871,France,4
Gabriel,Wright,Others,1970-01-14,diane77@example.org,965.878.3435x39932,35435 Anthony Valleys Apt. 724 New Sherrytown  MH 34375,Daniellestad,Utah,37694,Timor-Leste,1
Kimberly,Small,M,1990-11-13,julie46@example.net,(273)862-2898x9472,71716 Brown Walks West Jose  MS 70029,Careyberg,Florida,05715,Trinidad and Tobago,4
Amy,Campbell,F,2024-11-11,wanda28@example.org,862.709.7324x32306,03174 Garcia Divide Lake Seanside  TN 83131,Sarafurt,Idaho,90779,Sri Lanka,1
Steven,Hanson,Others,1987-05-02,paulconner@example.com,(282)585-1935,0644 Evans Summit New Terriland  MD 29883,Brandychester,Iowa,58678,Austria,1
Andrea,Best,Others,1970-06-21,leemanuel@example.net,781.388.6209x461,00595 Evans Fords Barberhaven  AL 21539,New Ericton,Washington,43891,Zimbabwe,3
Ricky,Green,Not Specified,1998-03-08,prestonvincent@example.net,(571)812-7818x04576,1564 Moore Wall Apt. 643 Port Carolmouth  PA 83741,Georgemouth,Vermont,94090,Guernsey,2
Jason,Jackson,M,1985-07-24,morganstephanie@example.net,001-381-665-9544x1636,744 John Heights East Monicaview  KY 20174,South Erik,Ohio,67085,British Indian Ocean Territory (Chagos Archipelago),3
Karen,Bowers,M,2024-08-01,warnernicole@example.net,235.897.6165x032,8945 Faulkner Cove Apt. 085 West Nancyton  VI 86622,East Caitlynberg,Louisiana,20224,Eritrea,1
Lucas,Orozco,Others,2005-11-20,lauraeaton@example.net,+1-914-744-7959x25830,Unit 8484 Box 3055 DPO AP 80950,West Kimberlyview,Massachusetts,04298,Peru,1
Leah,Doyle,M,2010-10-26,gonzalezderek@example.net,+1-486-526-2957,USNS Mccarthy FPO AE 00760,Elizabethside,Oregon,92593,Netherlands Antilles,2
Jody,Nixon,M,1975-09-09,vwebb@example.com,496-677-1259,282 Madeline Neck Apt. 004 East Joseph  VI 40318,Lake Saraview,Georgia,61596,Kiribati,4
Gabriela,Dougherty,F,1997-03-30,kperez@example.com,763-366-9567x247,Unit 5250 Box 9400 DPO AP 07456,North Jenniferborough,Ohio,39264,Gambia,4
Kyle,Mcmillan,M,2012-06-16,kevinrodriguez@example.org,876.623.8556,PSC 2636  Box 7833 APO AP 92988,New Justinmouth,Vermont,02736,Cuba,3
Brianna,Garza,M,1986-11-28,brodriguez@example.net,516.465.8363,4063 Evans Rapids Anthonyfort  NH 29883,Lake Crystalburgh,West Virginia,80569,Denmark,5
Martin,Allen,Not Specified,2021-05-01,whitejane@example.net,(323)290-2546,11065 Jacobson Harbors Apt. 494 East Robert  KS 53593,Brandonland,South Dakota,53906,Namibia,5
Ashley,Carpenter,Not Specified,2004-11-21,joannwilson@example.org,219.988.1480x535,25883 Angela Run Suite 317 Jeremyshire  SC 28838,Cunninghamchester,Alabama,25699,Colombia,4
Anthony,Melendez,Others,1980-07-01,sandrawilliams@example.com,(940)885-2419x03734,Unit 3948 Box 8977 DPO AE 14139,East Derek,Utah,87506,Central African Republic,5
David,Davis,Not Specified,2009-09-28,connie91@example.net,(278)431-5235,137 Rachael Path Apt. 612 Port Erinstad  MP 55611,Stevensonland,Hawaii,04767,New Zealand,2
Renee,Ramirez,Others,1995-06-29,bobby91@example.org,+1-675-746-0078x522,9935 Katherine Spring Suite 708 Sabrinaberg  AR 91605,North Travis,South Carolina,91226,Botswana,5
Jennifer,Dean,Others,1989-10-25,sarah60@example.com,736-858-5568,USCGC Rodriguez FPO AA 51671,North Garyshire,Connecticut,46296,United States Minor Outlying Islands,5
Lauren,Watts,Others,2011-09-05,heatherburke@example.com,579.552.4113x6925,9067 David Streets Michaelton  NJ 56217,Lake Julie,Vermont,66252,Sao Tome and Principe,1
Isaac,Mccarthy,Others,2019-06-14,rodriguezmark@example.net,311-358-2677,7298 Andrea Valley Apt. 139 West Corymouth  MD 07403,New Carol,Nevada,26451,Peru,3
Melissa,Miller,F,1970-09-19,hollyhanson@example.com,5238289936,054 Buckley Trafficway Suite 925 Aprilview  AL 39023,Port Juan,Idaho,47972,Malaysia,2
Anna,Arias,F,1991-01-30,rtran@example.org,236.510.9927x0639,203 Anderson Pines Briannahaven  MN 97908,Davisberg,New York,85760,Samoa,3
Vanessa,Hall,Others,1987-08-29,lucerodonna@example.org,(417)281-6283x511,14376 Le River Barbaramouth  NE 62812,Thompsonview,Illinois,31439,Saint Helena,5
Michael,Shelton,Not Specified,1991-04-08,cynthiacastro@example.org,2804934929,8870 Stephanie Orchard Apt. 024 Lake Michael  CA 66279,North Cindy,Virginia,34555,Kyrgyz Republic,4
Charles,Mason,Others,2007-03-25,nsmith@example.com,001-352-515-5338x8189,9618 Huff Lodge New Melissaberg  MN 43752,New Michelle,California,37437,Kyrgyz Republic,3
Frances,Cowan,Others,1983-11-04,james42@example.net,001-421-288-3651x41230,81295 Butler Forest Suite 863 Lake Stephenfurt  CO 87311,Lake Kimmouth,Oregon,53704,Tunisia,3
Michael,Holloway,Not Specified,2017-10-10,harriscarla@example.net,+1-420-373-8011x66448,1950 Jenny Forges Apt. 376 Lisaville  IL 73471,Johnside,Maryland,30942,Macao,5
Donald,Evans,F,1986-09-18,monica86@example.org,001-589-320-9745,5862 John Prairie Apt. 533 Corymouth  HI 93542,Anthonyview,New Mexico,23609,Pitcairn Islands,5
Peter,Martin,Not Specified,1985-07-16,brockjustin@example.org,367-267-8411x8363,17170 Angela Centers Ramosberg  AS 28775,Kristinebury,Iowa,70021,Chad,4
Anthony,Ford,F,1987-09-05,justin52@example.net,001-996-911-3655x57352,3324 Ellis Mountains North Adam  LA 75382,West Karenbury,Connecticut,90563,Latvia,3
David,White,M,2006-05-18,kristen65@example.com,(517)607-5878,Unit 6600 Box 0753 DPO AP 72109,Collierview,Nevada,66217,Botswana,2
Brian,Nguyen,F,2014-03-12,anna04@example.com,+1-231-458-7476,53235 Brown Well Suite 082 North Kathleen  WY 74016,Padillashire,Wisconsin,64781,Comoros,5
John,Carpenter,M,2023-07-02,christopher01@example.net,279.220.3056,Unit 4159 Box 2518 DPO AE 95569,Gonzalezmouth,Maryland,10491,Bouvet Island (Bouvetoya),1
Bonnie,Lopez,M,2017-03-01,jim76@example.com,6853694083,847 Marvin Villages Suite 969 Jamesfurt  NE 27104,Trevinotown,Washington,48449,China,3
Carol,Moore,M,2019-09-09,freed@example.net,988.673.1253,Unit 8874 Box 5349 DPO AP 53818,Lake Shanefurt,Minnesota,98525,Svalbard & Jan Mayen Islands,2
Julie,Marquez,Others,2016-02-07,wrightjennifer@example.net,929-547-6392x2021,269 Smith Garden New Melanieview  CA 59408,North Lauraport,New Mexico,04879,Estonia,5
Joel,Garza,Not Specified,1970-04-18,kendra63@example.org,995.864.4970,651 Robert Turnpike Christopherburgh  VT 47342,East Travismouth,South Carolina,68453,Uganda,5
Brandon,Gordon,F,2023-10-08,sean78@example.net,(508)890-2816,8222 John Points Apt. 419 South Bradleyview  ND 42684,Hillberg,Rhode Island,51133,Egypt,5
Amy,Oconnor,M,2015-01-29,burnettmason@example.com,776.716.1754x816,043 Krista Springs Michaelmouth  KY 03405,Billyfurt,Utah,65047,Lesotho,2
Michael,Guerrero,Others,2018-02-26,josephreese@example.net,947-315-3127x0436,788 Stephens Burgs Gibsonbury  PA 38276,South Monicamouth,Idaho,94858,French Guiana,2
Lisa,Cain,Not Specified,1997-09-12,pjohnson@example.com,001-438-761-5041x455,7588 Branch Expressway Apt. 356 Port Seantown  ME 24992,Catherineville,West Virginia,38066,San Marino,2
Grant,Green,Others,2015-03-28,gutierrezdouglas@example.net,661-474-1290,716 Danielle Highway Apt. 942 Alexanderview  OK 67644,Adamview,Hawaii,32433,Denmark,1
Mitchell,Brooks,F,1970-05-13,noahmcclain@example.org,001-310-585-7222x5959,4397 Holden Track Suite 447 Kyleborough  AS 05339,Roseside,Kansas,31666,Heard Island and McDonald Islands,4
Kim,Garcia,Not Specified,1989-10-25,jillmendez@example.org,001-807-734-2724x5288,4077 Robert Shoal Alvaradotown  ND 37429,Jenkinsfurt,Wyoming,45393,Equatorial Guinea,4
Amy,Castillo,Others,2010-06-23,burkemitchell@example.org,(538)273-8275,0909 Elizabeth Shoal Suite 150 Dawsonport  ND 45260,Richardsonshire,Connecticut,33790,Norfolk Island,3
Breanna,Pearson,Not Specified,1990-07-16,lwarner@example.com,594.383.2342x76842,60506 Douglas Cliffs South Juliaberg  MA 06390,Taylorburgh,Wyoming,01477,Turkey,5
Kimberly,Yates,Others,1981-09-02,hernandezwhitney@example.net,001-325-488-0974x270,7868 Warner Key Lake Miguel  FM 32058,Shannonshire,Connecticut,71911,Senegal,5
Michael,Becker,Not Specified,2000-03-22,youngmelanie@example.org,658.928.2038x725,918 Richard Drives Suite 292 Dennisstad  AS 99882,Stevenberg,Minnesota,91644,Mali,3
Sergio,Harris,Not Specified,1997-08-29,mckayjeffrey@example.com,606-335-8946x18415,1519 King Circle Apt. 450 New Cynthia  ID 71531,Berryberg,Missouri,93296,Bhutan,4
Marcus,Mclean,Not Specified,1974-01-26,ycrosby@example.org,001-634-988-2294x61407,1772 Gregory Keys Suite 913 Lake Michaelview  SC 95733,Port Jeffrey,Delaware,02898,Liechtenstein,4
Dennis,Morrow,Others,1983-04-07,smithjoseph@example.net,5166300621,69520 Mary Points Apt. 572 West Christophermouth  DC 07404,Taylorberg,Michigan,87461,Guatemala,2
Amy,Ramsey,Not Specified,1998-01-31,henry87@example.com,9715942984,182 Sandra Highway Apt. 169 West Stephanie  SC 63576,Lake Katherineland,South Dakota,11168,Zimbabwe,3
John,Smith,M,2007-06-29,jeffreyhudson@example.net,(359)744-2116x82124,31033 Mccormick Plain Barajasberg  GU 09008,New Dustinstad,Indiana,37628,Western Sahara,5
Nicole,Johnson,F,1971-11-25,elliseric@example.com,001-774-832-3942,7627 Todd Skyway Suite 410 Hillfurt  MD 72993,Kelseychester,Illinois,32500,Bouvet Island (Bouvetoya),4
Nathaniel,Warner,M,2001-08-20,albert25@example.com,230.583.4154x5091,54419 Trevor Ramp Suite 990 Kathyside  CA 88174,Jessicafort,New Hampshire,23308,Tonga,4
Gregory,Cruz,M,1992-11-12,lhaley@example.com,+1-711-591-3089,174 Karen Pines Apt. 007 West Amandabury  ME 63426,Russellberg,Florida,86349,Lebanon,1
Samantha,Thomas,F,1982-12-25,montoyaronald@example.net,949.993.0768x6221,9280 Gonzalez Route Apt. 320 Boltonberg  LA 29832,Rogersville,Montana,24032,Ecuador,1
Tracy,Mccall,Others,2017-10-26,vsweeney@example.org,934-294-0722,PSC 2407  Box 1457 APO AP 75864,Dianeton,Maryland,79785,Vietnam,3
Margaret,Garza,Not Specified,1982-06-16,jamesfisher@example.net,001-966-955-6222,313 Hector Branch Apt. 229 Payneland  NC 55425,Williamsshire,Arkansas,10588,Brunei Darussalam,3
Felicia,Hunter,F,1994-05-14,thomas95@example.net,(504)638-3840,6321 David Point Weaverview  TN 72975,Stoutport,Hawaii,42633,Taiwan,3
Joseph,Simmons,M,2020-10-14,jeffreysmith@example.org,(374)276-0634,890 Madeline Summit Apt. 119 Port Andreashire  FL 92395,Riversfurt,Louisiana,31418,Palau,2
Justin,Martinez,Others,2021-01-26,robinroberts@example.net,980.731.2537x86793,7583 Kennedy Dam Johnsonmouth  AR 94243,Powersview,Washington,75092,Guadeloupe,2
Renee,Shepard,F,1972-08-25,melanie52@example.com,(963)836-1240,42338 Adam Highway Timothyhaven  AL 20791,Mcculloughberg,Oklahoma,80468,Moldova,5
Richard,Clark,M,1995-07-27,chavezjeremy@example.net,+1-916-400-8116x74250,4870 David Trail Suite 648 North Thomasburgh  IL 29408,Samanthaburgh,New Jersey,64371,Syrian Arab Republic,1
Andrew,Benjamin,F,1992-10-03,stewarterin@example.net,801-411-0602x90847,052 Yu Forest Cynthialand  WI 28061,Barbaraville,Texas,75219,United States Minor Outlying Islands,5
Gerald,Wilson,F,1975-06-13,jenniferwalters@example.net,001-381-274-0534x746,43481 Michael Point South April  AR 07705,Castroburgh,Connecticut,44207,Nepal,2
Amber,Alexander,F,2000-01-18,eparker@example.net,857.239.4521,512 Gonzalez Glens Suite 217 North Aaron  OK 24344,Sarahland,West Virginia,87420,Gibraltar,2
Kristina,Rivera,Others,2003-12-09,morarachel@example.org,959.857.2058x99668,869 Melissa Freeway Apt. 551 Kingstad  TN 38659,Jesusbury,Missouri,72393,Sweden,3
Larry,Mayer,Not Specified,2016-12-09,lewismichael@example.net,785-280-8691x458,112 Linda Centers Apt. 308 Edwardsside  AS 52186,Matthewsville,New Hampshire,63139,Fiji,3
Elizabeth,Pena,F,1997-10-24,kelly71@example.org,(370)780-1026x268,049 Kenneth Mills Suite 210 New Deannamouth  SD 66967,Kellyhaven,Louisiana,40165,Sierra Leone,3
Christian,Erickson,M,2006-04-19,edward14@example.com,+1-863-818-8284x7065,49915 Graham Fall Suite 723 Robbinsfort  SD 66054,New Charles,Arkansas,68738,Guam,5
Jeremy,Beasley,Not Specified,1997-04-12,charlesconley@example.org,(953)918-6164x603,88748 Beard Island Suite 109 Jameston  NH 50431,Amberside,Oregon,21365,Mauritania,1
Samantha,Pierce,Others,2013-11-11,joannegonzalez@example.net,(471)762-1395x0929,597 Swanson Islands South Johntown  AS 99313,South Megan,Nevada,19714,Norway,3
Gregory,Rose,M,2002-12-08,gomezrebekah@example.net,969.854.9038x36235,9881 Jeremy Forges Apt. 598 Victoriastad  KY 98995,East Stephanie,Florida,62815,Puerto Rico,3
Megan,Haynes,Not Specified,1972-06-12,rodriguezjessica@example.com,(550)734-2166x4212,8807 Dwayne Causeway East Cathy  MH 92993,West Wendy,Minnesota,72946,French Guiana,5
Tom,Jones,F,2024-04-24,erik14@example.com,+1-801-785-8940x795,355 Miller Expressway North Cathyberg  AZ 20934,Williamsborough,Florida,35962,Botswana,5
Gabriel,Jefferson,Not Specified,2013-09-14,samuel99@example.org,(835)764-8449x36326,28732 Rodriguez Meadow Suite 046 West Tommy  MO 55003,Taylorville,Alaska,92621,Turks and Caicos Islands,5
Steven,Matthews,Not Specified,2019-12-04,kingjames@example.org,777-841-4341x888,67625 William Stravenue Apt. 055 East Karenfurt  AZ 23651,Nathanfurt,Texas,33550,Singapore,2
Gregory,Phillips,Others,2012-10-05,lawrence16@example.net,383-976-3891x49296,120 Marks Greens Williamshaven  MA 44501,New Jacob,Florida,27939,Nicaragua,5
Joel,Schroeder,F,1972-08-02,dawn66@example.org,(797)999-0777x987,543 Adam Turnpike Aguilarberg  TN 89150,Myersside,Virginia,46112,Congo,2
Kelsey,Norman,Not Specified,1997-06-09,larsonbrett@example.org,001-524-360-7262x7889,1515 Knight Manor North Stephen  UT 34644,Raymondside,Alabama,08120,Nepal,2
Leslie,Contreras,M,1985-09-28,noahblackwell@example.net,947.488.4227x9055,52262 Danny Skyway Apt. 571 Jacobborough  AZ 95717,South Nathan,North Dakota,32386,Guatemala,5
Martin,Martinez,M,2009-09-08,danny20@example.net,(975)866-4946x34331,9568 Gutierrez Trafficway Apt. 893 Terrellfort  TX 07016,Caseymouth,Illinois,31249,Christmas Island,4
Lauren,Gutierrez,M,1970-11-17,huffkimberly@example.com,(670)667-1087x548,USS Adams FPO AA 77715,Feliciafort,California,79866,Sierra Leone,1
Christopher,Gonzalez,F,2012-05-13,lallison@example.net,5722671439,53295 Jean Rapid Simonhaven  NJ 92435,Elizabethchester,North Carolina,74577,Greece,5
Madeline,Marsh,Not Specified,1975-06-20,chelseashaffer@example.net,594-921-9123,19428 Allen Road North Kevin  MN 95610,Russellport,North Dakota,23354,France,2
Kyle,Williams,Others,2003-01-20,tina14@example.net,001-215-294-4934x562,Unit 8874 Box 9904 DPO AA 55121,Pamelaton,Mississippi,49586,Reunion,5
Taylor,West,M,2012-01-21,fcunningham@example.net,411-672-3546x987,390 Fuller Via Apt. 277 Anthonyton  CT 06233,Hillview,North Dakota,27803,Vanuatu,3
Kyle,Murray,Not Specified,1997-02-26,brookedavis@example.org,7802420415,4788 Rodriguez Drive Suite 198 Mooretown  NJ 14476,East Ginahaven,Oregon,87904,Spain,3
Jenny,Watts,M,1977-12-23,ashleymckinney@example.org,(803)399-4108x9206,228 Richards Rue Gonzalesland  DE 53184,Patrickborough,Vermont,98230,Mauritania,3
Caitlin,Allison,F,2008-10-10,jwebb@example.org,497-398-0662x13164,25582 Eric Pine East Christopherport  TN 16617,Devonshire,Maryland,07756,Austria,3
Bryan,Morris,F,2004-04-13,rmartinez@example.net,+1-428-993-2447x2415,878 George Common Apt. 659 Gilbertton  ID 75404,Lake Vicki,Alabama,79070,Panama,4
Kayla,Smith,M,2014-06-15,william12@example.org,001-581-515-7046x688,665 Bonnie Landing Apt. 581 East Tammy  KY 74440,East Mary,Florida,46849,Serbia,2
Jennifer,Barnes,F,1992-01-08,obrown@example.org,272-584-2314x7500,16266 Brown Tunnel Apt. 391 Port Adam  AK 15306,Melissaberg,Washington,73461,Cote d'Ivoire,4
Kathryn,Johnson,Others,2008-04-22,morgan87@example.org,(645)748-1033x45466,485 Jonathan Fork Apt. 074 New Michael  MT 66387,North Robert,Idaho,07412,Hong Kong,1
Timothy,Perez,Not Specified,1992-07-19,qcervantes@example.com,9169979106,416 Amber Green New Patricia  MI 66579,Petershire,Wyoming,04918,Algeria,2
Kristina,Fowler,Others,2012-05-25,corey20@example.com,254.352.4194,07166 Sellers Pines Apt. 253 East Megantown  WY 74604,Jacksonchester,Arkansas,70475,Micronesia,1
Rebecca,Waters,Others,1985-11-17,iguerrero@example.net,587.366.2039,317 Katrina Highway Apt. 074 Jasonville  DE 87465,Katrinaton,Tennessee,30385,Latvia,3
Brittany,Dickson,M,1997-05-11,hendricksdaniel@example.org,001-639-288-6843x0846,107 West Lights Suite 987 East Christopher  MO 26496,North Grantmouth,Washington,92088,Maldives,3
Jennifer,Graham,Others,2017-08-21,carmen05@example.com,001-928-878-4338x60981,785 Gregory Crossing Suite 699 Marisaport  AZ 76042,South Troy,Georgia,80318,Kazakhstan,3
Susan,Carter,Not Specified,1981-10-01,brianpetersen@example.com,273.385.4758x9759,5655 Jones Trace East Jennifer  GU 47367,South Sandra,Massachusetts,19311,Qatar,2
Troy,Gomez,Not Specified,1993-08-23,daltonlee@example.com,(525)265-2523,2197 Barbara Mount Suite 543 Cunninghamland  FM 22887,Wrighttown,Ohio,99532,Palestinian Territory,1
Julie,Avery,M,2005-10-19,jaredshields@example.org,+1-955-448-1555,42419 Joe Roads New Jaredburgh  KS 08643,Millerview,Nevada,29411,Mayotte,5
Michael,Smith,F,1999-10-24,christopher40@example.com,761.548.1010x6166,7786 Benjamin Summit West Sharon  ME 60684,Brandonville,Massachusetts,03654,Slovenia,4
Amber,Moore,Others,1982-09-20,zrussell@example.org,001-482-777-9184,563 Amy Camp Suite 491 Erikahaven  LA 13518,Riverachester,North Carolina,30383,Saudi Arabia,5
Connie,Taylor,F,1987-02-24,aprilhernandez@example.com,833.823.1925x7417,08471 Lawson Mountains Suite 141 New Danielleside  MT 33334,South Oscar,New Mexico,74391,Cook Islands,1
Alicia,Mathis,M,1997-08-24,nortonmelanie@example.com,001-958-824-2930x702,002 Nicholas Key Suite 478 West Michael  CO 76640,Reidview,Kansas,90190,Belarus,3
Lisa,Martinez,F,2023-02-06,alexiscontreras@example.com,592-538-3425,48599 Daniels Prairie Suite 489 Francesmouth  MH 94640,Lake Lisa,Missouri,53396,Haiti,3
April,Whitaker,M,1974-07-07,kleinamy@example.org,001-282-433-7527,054 Gardner Manor Ryanchester  IA 71046,Josephmouth,Texas,71210,Yemen,3
Mary,Murphy,Not Specified,1972-02-25,nguyenmarvin@example.org,503.777.7737,9320 Hughes Coves Suite 225 Port Moniquechester  MA 57916,Orrshire,Washington,29810,Azerbaijan,4
Adam,Leon,F,2016-06-27,vasquezallison@example.com,001-989-715-2126x06129,56849 Albert Avenue Suite 917 Port Diane  VI 94379,Perezstad,Rhode Island,66999,United States of America,3
Jamie,Rivera,M,2017-01-09,terrymarquez@example.com,(775)953-7153x656,9279 Combs Glen Suite 632 Danielleshire  PW 41790,Franklinmouth,Utah,56619,Andorra,4
Adam,Moreno,Not Specified,1993-08-21,orichards@example.net,001-635-885-5353x478,7053 Powell Fields Suite 743 South Hannahshire  IL 29471,Wattschester,Michigan,80930,Malaysia,3
William,Sanchez,F,1979-06-18,hatfieldtammy@example.com,(821)664-5591,582 Lucas Villages Apt. 345 Lake Johntown  AR 50584,Brightbury,Rhode Island,39097,Mongolia,1
Mary,Parks,Others,1985-02-12,smartinez@example.org,370.212.9766,058 Jessica Fort Lawrencefort  MP 33813,Port Douglas,Michigan,45094,Cayman Islands,2
Elizabeth,Valencia,M,1991-06-23,shane45@example.com,210.912.7452x350,2816 Peters Plains New Leslie  IL 96522,Johnchester,Ohio,44367,Djibouti,5
Theresa,Alexander,Others,2021-05-28,johnmartinez@example.org,+1-429-535-5815,022 Aaron Branch West Taylorview  OK 59044,New Chadside,Tennessee,90507,Saudi Arabia,2
Timothy,Alvarado,M,1991-07-29,heather33@example.net,(986)967-9431x3430,6534 Garcia Mountain Suite 958 Michelleside  MH 16380,South Derekbury,Utah,90720,Solomon Islands,5
Heather,French,Not Specified,2025-07-14,smontoya@example.net,001-847-279-5536x79036,787 Carla Parkways Mathewsmouth  VT 87322,East Cynthia,Minnesota,70531,Pakistan,1
David,Chan,F,1981-07-19,mendezmike@example.net,(758)401-5817,2677 Swanson Common Johnsonmouth  SD 78518,Port Matthew,Illinois,70738,Qatar,2
Mary,Morgan,Not Specified,2011-08-24,qwaters@example.org,261-631-6190x904,505 Baldwin Creek Suite 644 Hernandezfurt  WV 80693,Woodsfort,Minnesota,83315,Ireland,1
Ian,Bush,Others,1984-10-29,knoxbenjamin@example.org,318-241-9662,675 Schmidt Trail Mcmillanport  VT 12572,South Kristinabury,North Carolina,52461,Netherlands Antilles,4
Brian,Ferguson,F,1972-05-22,ibaker@example.net,+1-263-797-4427x98023,065 Monica Viaduct Suite 344 West Susanville  KS 64559,West Danafurt,Nebraska,53433,Jamaica,5
Andrew,Lewis,F,2009-08-29,rking@example.org,001-634-770-3971,544 Smith Highway Jeremyburgh  NV 44512,Amandafurt,Hawaii,92625,Rwanda,5
Mercedes,Brown,F,2003-02-22,mharris@example.com,496.464.7747x539,32254 Hughes Grove Apt. 573 South Seanton  CO 06255,New Virginiaborough,Wyoming,89026,Central African Republic,5
Wesley,Freeman,Not Specified,2011-06-08,ortizkimberly@example.com,983-903-4709x9205,35899 Stephanie Crescent New Vincentburgh  GU 30182,Lake Donaldshire,North Carolina,23078,Palau,3
Brian,Brown,Not Specified,2003-01-02,lauren42@example.org,450-755-2825x015,8660 Green Drives Apt. 463 Lake William  MS 50976,West Amberland,Minnesota,23092,Heard Island and McDonald Islands,3
Stuart,Hernandez,Not Specified,1972-07-19,stephaniebrown@example.com,+1-815-408-8766x164,449 Angela Cove Medinatown  CT 11491,Jasminechester,Texas,06034,Singapore,4
Kristopher,Hunt,Others,1976-02-09,xbanks@example.com,695-628-1749,210 Evans Cape Apt. 691 Lewismouth  WI 14388,Adrianbury,Mississippi,99631,French Southern Territories,1
Kenneth,King,F,1999-03-17,taylorlisa@example.net,586-485-1264x23991,5428 Jennifer Shoal Jasonhaven  ME 26360,Lindsaymouth,Louisiana,56679,Timor-Leste,4
Corey,Miller,Others,1985-11-11,joe70@example.net,001-435-246-1023x15108,063 Le Locks Brandtstad  WV 79514,North Patricia,Pennsylvania,35718,Venezuela,5
Pamela,Long,F,2022-11-09,perkinsleonard@example.org,6118251376,990 Vargas Crest Apt. 358 East Brandishire  NJ 52823,East Kayla,Utah,00515,North Macedonia,3
Alisha,Hodge,Others,1988-07-30,jacqueline05@example.org,001-991-398-3424x9055,7667 Jones Summit Suite 714 East Melissaburgh  NM 89985,Ashleymouth,Pennsylvania,77159,Antarctica (the territory South of 60 deg S),1
Andre,Hansen,F,1998-03-26,ericalexander@example.com,001-518-690-8575x282,85318 Christina Flats Suite 455 Port Ashley  WA 33026,Brittanyfort,Indiana,67206,Iraq,1
April,Sanford,F,1996-07-15,lzamora@example.net,(758)540-5259,3557 Ronald Locks Suite 898 Ashleyland  CA 64130,Tonybury,Florida,77371,Jersey,3
Jeffrey,Preston,M,2009-06-19,ramirezshaun@example.com,+1-462-345-4573x8319,420 Tracy Cliffs Apt. 801 Jaredview  GU 85144,Danielville,Virginia,99572,Mayotte,2
Pamela,Foster,F,1986-07-08,stephanie38@example.org,216.290.0593,693 Benjamin Oval East Randy  UT 49582,North Angelicaberg,Oklahoma,70866,Syrian Arab Republic,3
William,Arellano,F,2005-05-11,amandagraves@example.net,588.304.4534,Unit 6002 Box 1432 DPO AE 72449,West Tylerview,West Virginia,12698,Saint Vincent and the Grenadines,4
Stacie,Banks,Others,2009-06-04,shernandez@example.net,266.419.8235x8391,80453 Randall Pike Lowehaven  ND 05076,Kristinbury,Arizona,52603,Vanuatu,3
Logan,Harris,Others,1990-04-06,arnoldjeffrey@example.net,001-787-444-4913,978 Carter Roads North Melinda  RI 67885,East Andrefurt,Montana,12451,Costa Rica,5
Margaret,Johnson,F,1974-10-24,michellevega@example.org,309-622-3433,USNV Erickson FPO AE 43635,West Margaret,Washington,77875,Uruguay,2
Lauren,Gonzalez,F,1995-08-15,npatterson@example.net,893.357.0127,2329 Stephanie Mountains Apt. 216 South Kyle  OK 82656,Lake Yolandaberg,Alabama,26460,Congo,1
Sean,Carter,M,2025-09-01,ydixon@example.com,813.308.9038,24847 Peters Spurs Suite 997 North Nathanshire  LA 21162,New Theresa,New Jersey,12287,United States of America,5
Trevor,Taylor,Not Specified,2008-01-24,iancollins@example.com,001-769-895-3846x63355,366 Perry Summit Apt. 223 North Ricardochester  SC 52047,North Jasonchester,North Dakota,70158,Mozambique,3
Sara,George,M,1989-06-23,colonlaura@example.org,(746)702-9424,477 Amy Ridges Vazquezshire  IA 06540,North Alyssaberg,Utah,83594,Slovenia,4
Kerry,Harrison,F,1991-02-15,hadams@example.com,001-833-403-6997x77691,71501 Gutierrez Alley Port Elizabethberg  CA 04459,Reyeston,Kansas,72589,Greece,1
Denise,Horton,Not Specified,1980-12-10,tbennett@example.net,001-484-322-6080x9386,5629 Kimberly Forges Martinview  MA 02984,South Sergiohaven,Rhode Island,28538,Lao People's Democratic Republic,1
Sarah,Williams,Others,2018-08-06,mjones@example.net,001-872-556-4755x661,701 Ronald Parkways Paulaview  PW 26067,Ashleyside,Vermont,62343,Cambodia,3
Matthew,Cruz,M,1973-08-02,wvalencia@example.com,749.978.6021,85545 Bethany Coves Lake Cynthiabury  MD 58973,Carrilloview,Maine,27995,Saint Pierre and Miquelon,1
Matthew,Smith,F,1978-10-02,jimenezwilliam@example.org,(501)834-8136x48421,422 Prince Spring Travisview  FM 20071,Juanberg,New Jersey,92102,Netherlands,3
Mark,Grant,F,1997-07-03,tlopez@example.org,245-475-4473,994 Knight Plain Apt. 024 Jonesfort  ID 75501,East Randall,Indiana,83856,Bolivia,4
Alyssa,Davis,Others,1995-10-22,stephanieowens@example.org,875.308.6841,PSC 0133  Box 7946 APO AA 41086,Harrisfurt,Pennsylvania,29065,Macao,2
Teresa,Barnett,Others,1995-04-16,naustin@example.org,+1-296-614-0926x85190,0156 Copeland Manors Brownton  MP 20974,Conleyburgh,Mississippi,95402,South Georgia and the South Sandwich Islands,3
Andrew,Beasley,M,1976-04-27,candacemiller@example.com,+1-437-801-8175x8454,6802 Orr Station Ralphburgh  SC 06636,South Jameschester,New Hampshire,43916,Iran,1
Paige,Stewart,Not Specified,1978-05-02,sarahdavis@example.com,845-253-6984,82651 Ricky Route Johnsonstad  NJ 93978,Meganland,Washington,05888,Germany,4
Jennifer,Hawkins,F,2022-11-12,james50@example.org,+1-997-976-8923x689,48292 Michelle Mews East Sarahmouth  MP 97946,East Rebecca,New Jersey,63179,Gibraltar,2
Teresa,Gordon,F,2014-11-07,ashley43@example.net,(360)799-1208x41339,Unit 8433 Box 8605 DPO AE 11425,East Joe,Idaho,68665,French Southern Territories,1
Kevin,Padilla,Not Specified,2025-03-01,ygardner@example.org,+1-230-602-8629x87470,70203 Owens Forges Apt. 484 Wrighttown  NH 32916,Karentown,Kentucky,96393,Philippines,3
Jessica,Rodriguez,F,1988-10-17,danjohnston@example.com,001-762-678-6937,89565 Bailey Mission West Michael  VI 06331,West Beverly,Washington,09937,Chad,3
Audrey,Nelson,Others,1997-12-23,kathy96@example.net,(756)465-7379x3405,121 Katelyn Forks Christinaton  NY 84879,Port Tammybury,Alaska,98814,Nicaragua,3
Erin,Ross,F,1991-06-23,tmiller@example.net,001-227-653-2340,65172 Danny Harbors Suite 927 Brandonfurt  NV 92361,Donaldland,South Dakota,73299,Antarctica (the territory South of 60 deg S),4
Ashley,Calhoun,M,2018-03-23,wadechristopher@example.org,001-313-521-6601x93786,2018 Jared Underpass Suite 603 South Stephanieport  OR 71647,Alimouth,Connecticut,63565,Marshall Islands,4
James,Stevens,Others,1999-07-04,ebowen@example.net,633-941-5403x337,9964 Griffin Mews Johnshire  NM 74452,Calderonland,South Dakota,08776,Albania,1
Sarah,Ruiz,Not Specified,2013-08-30,jonesmark@example.org,(571)262-2035,84000 Kevin Mission Apt. 288 North Nancy  SC 31085,East Josehaven,Texas,56997,Gibraltar,4
April,Murillo,Others,1976-07-28,jessicareyes@example.org,+1-358-613-4193,2663 Jennifer Brooks Taylorchester  MT 30011,New Tammyland,New Jersey,74020,Saint Kitts and Nevis,5
Paula,Owen,Not Specified,2006-07-01,rwoods@example.org,(325)910-4926,5505 Griffin Branch Apt. 712 Gilbertton  DE 50372,Garrisonview,Maine,91283,French Polynesia,4
Monica,Smith,F,2015-10-05,lewisdiana@example.net,001-535-446-8742x6449,4311 Charles Spurs Suite 658 Michealbury  OH 06398,Jacquelineton,Idaho,68386,Monaco,2
Mathew,Herring,F,1992-07-17,vmosley@example.org,(674)465-2871x94625,53652 Barnes Tunnel Lake William  GU 93904,Josephbury,Vermont,25386,Guinea,2
Michael,Mcguire,Not Specified,2024-12-06,xpierce@example.com,9038083239,44144 Goodwin Streets Suite 252 Dustinfort  CA 81917,South Jennifer,Mississippi,20434,Dominican Republic,3
Tyler,Wells,Not Specified,1970-10-13,rmiller@example.org,+1-620-213-2397x3698,716 Scott Lake Kennethmouth  MT 28548,West Cristianhaven,Illinois,61857,Sao Tome and Principe,4
Cynthia,Martinez,Others,1984-02-18,laurenjimenez@example.org,613-434-5006x222,4051 Gibson Fall West Lauren  ID 13738,Pachecoland,Utah,06893,Armenia,5
Teresa,Martinez,Others,1989-05-25,jjones@example.net,320.871.1450x53695,57011 Mary Lodge Apt. 318 Williamsfort  HI 55402,Port Theresa,Illinois,07763,Marshall Islands,5
Henry,Miller,M,1994-12-26,paul67@example.net,(835)639-0057,591 Amy Mountains Suite 489 Port David  PA 96248,Fowlerburgh,Pennsylvania,29220,Comoros,3
Cory,Kelly,F,1996-04-14,kimberly93@example.com,972.793.1669x05592,176 Miller Station Matthewsside  GU 84872,Crystalberg,Oregon,87595,Pitcairn Islands,4
James,Wood,M,1996-11-12,deborah19@example.net,856.892.5507x86715,2732 Scott Forges Suite 410 North Johnstad  NM 73461,West Christyhaven,Utah,87092,Saint Lucia,3
Justin,Perry,F,2013-06-09,jsmith@example.net,982-334-0837,803 Richardson Divide South Debraborough  AS 90501,Lake David,Delaware,54907,French Southern Territories,1
Brooke,Johnson,Others,1974-12-20,caitlyn11@example.org,001-222-745-8785x229,084 Morgan Cliff North Michael  NV 91926,Kathleenside,Illinois,20865,Bahrain,1
Michael,Flores,Not Specified,2008-03-27,angela01@example.com,843-390-7873,5425 Kenneth Brooks Suite 412 Madelineview  NH 78155,Cooperfurt,New Mexico,64337,Nepal,4
Laura,Butler,Others,2012-04-16,mpayne@example.net,+1-216-735-1986x6683,41220 Jerry Spring New Samanthabury  HI 41064,Lambertstad,Nevada,24823,Saint Martin,5
Mark,Lopez,Others,1996-06-08,jeffreymartinez@example.org,280-750-3945,6192 Gomez Turnpike Moyershire  MA 57848,New Samantha,New Jersey,95877,Wallis and Futuna,5
Joseph,Walters,F,1992-09-23,samuelarnold@example.org,201.669.2448x04389,352 Evans Vista Suite 861 Bryantville  WI 73231,Lake Timothybury,Minnesota,60065,Heard Island and McDonald Islands,1
Joshua,Hicks,F,2013-05-20,andrea16@example.org,+1-674-643-2573x580,74798 Jeremy Mountain South Taylorside  CO 87576,North Sydneyborough,Minnesota,96266,United States Minor Outlying Islands,4
Juan,Stewart,M,1992-09-02,aavila@example.com,700.524.0388x14605,PSC 0462  Box 1740 APO AP 56693,Daltonton,Montana,86488,Antarctica (the territory South of 60 deg S),3
Jennifer,Owens,F,2001-11-04,matthew61@example.org,581.598.0766x332,3918 Garrett Turnpike Apt. 656 Castilloshire  NM 12333,Robertton,Florida,21354,Congo,2
Jeffery,Perry,Not Specified,1985-07-13,fswanson@example.net,985.992.1070x07144,69553 Kristina Drives Suite 558 South Linda  CT 68998,East Charlesberg,Idaho,53933,British Virgin Islands,5
Natalie,Smith,F,2015-07-04,robert86@example.net,956.888.0735x1287,334 Sellers Mews Suite 969 Scottport  WA 45901,Thomasport,Arkansas,01276,Libyan Arab Jamahiriya,1
Carrie,Williams,Others,1984-03-01,mcleanroy@example.org,(853)645-0719,3334 Patricia Landing East Justinside  WI 83913,North Andrewberg,Kentucky,07018,Faroe Islands,4
Pam,Perkins,M,2021-02-03,nicholas43@example.net,001-310-787-7347,761 Nicholas Squares South Lauriefurt  CA 85192,East Dale,Arizona,06405,Congo,3
Michael,Stewart,Not Specified,1987-09-25,djackson@example.org,2836732885,5665 Scott Spurs Apt. 506 Landrybury  MI 94784,New Manuelville,Vermont,63604,United States Minor Outlying Islands,2
Jamie,Boyle,F,1990-02-06,yolandamason@example.net,(756)932-9258x717,794 Melissa Streets Apt. 102 West Charles  VT 91951,Antonioborough,Washington,45232,Egypt,2
Jacqueline,Schmidt,Others,2023-08-30,tboyle@example.org,364.742.7774x2157,446 Mary Mountain Roberttown  HI 83458,North Debraview,Michigan,57806,Saint Martin,3
Charles,Mendoza,Others,1975-10-19,julie06@example.org,2098563158,USNS Sanchez FPO AE 55730,Michelleport,Illinois,58748,Guernsey,3
Joe,Boyd,M,1982-12-07,barbara52@example.net,(940)336-5300x1788,215 Robert Spring Suite 884 Molinafort  MI 05083,West Ryan,Missouri,42560,Ethiopia,5
Savannah,Chandler,F,2001-01-01,sonia39@example.net,+1-590-513-4389x55779,5150 Jason Mission Apt. 230 Watersport  NY 34472,Kellyfurt,Arizona,13908,Equatorial Guinea,4
Alexander,Smith,F,1970-09-06,oadams@example.com,001-590-593-5484x83147,4975 Flores Junction Apt. 329 Markview  OK 41699,Phillipsmouth,Vermont,61363,Netherlands Antilles,2
Jose,Smith,M,2013-03-23,joseph43@example.com,9877920072,PSC 0503  Box 6606 APO AA 47076,Michaelchester,Nebraska,01719,Qatar,4
Nancy,Pruitt,M,2005-09-04,robinsondouglas@example.net,771.680.8704,32275 Allison Court West Amyview  ID 24816,Tarafort,South Dakota,66890,Dominican Republic,4
Scott,Jackson,M,2009-07-04,sandovalpaula@example.com,(701)307-8286,4628 Cortez Knolls Apt. 270 East Karen  LA 96669,North Alexander,Georgia,78689,Liberia,1
Jean,Beltran,Not Specified,1988-01-28,bradleyjessica@example.com,909.377.3949,997 Dustin View Suite 719 Stephanieburgh  NM 83241,Bowmanhaven,Washington,70463,Niger,4
Mark,Newton,M,1982-05-07,tmills@example.net,856.556.3493x6577,846 Hogan Highway Apt. 176 Hodgechester  WY 74851,Davidberg,Massachusetts,53008,French Polynesia,2
Darin,Myers,Others,1990-09-10,pamelawilliams@example.net,001-964-852-8369x641,822 Travis Valleys South Paulborough  MA 28064,Kingport,Kentucky,29353,Gambia,3
Kayla,Young,F,1981-10-22,johnny63@example.com,+1-424-719-9780x0833,527 Jonathan Groves Lake Jacquelineton  KS 31206,South Chloe,Washington,20371,Monaco,1
Diana,Cruz,Others,1980-08-24,uodonnell@example.org,570-811-2874,3906 Vance Cove East Johnville  AR 84523,South Charlestown,Georgia,46199,Nepal,4
Mark,Burch,F,2006-11-23,phillip17@example.net,885.698.6673,86812 Bonilla Roads Suite 296 Port Wendy  WI 64054,Danielborough,New Jersey,42568,Russian Federation,3
Alexis,Camacho,Others,2024-07-17,brendasolis@example.com,(216)432-8539,6599 Julie Knoll North Patrickmouth  MP 82949,East Richardmouth,Ohio,57947,Kenya,2
Valerie,Brock,Others,2008-07-31,vgarcia@example.net,231-353-5854x19874,3822 Mitchell Square Apt. 877 East Kelseyfort  KY 25707,West Lauratown,Alaska,08132,Angola,5
Christopher,Mitchell,M,1989-08-13,audrey94@example.org,612-249-8209x555,USNS Morrison FPO AP 09245,North Johnstad,Texas,39303,Angola,4
Alison,Lopez,M,1999-06-13,tonya64@example.net,+1-814-501-2723x240,34464 Craig Islands North Juliefort  VT 73622,West Dustin,Arkansas,47119,North Macedonia,5
Catherine,Cross,M,2004-09-03,clarkkevin@example.org,689.403.3588,6714 Ashley Hollow Sheppardbury  WV 40308,Caseystad,California,46086,Ireland,2
Denise,Jones,Others,2021-08-11,laura34@example.org,001-246-881-3715,07364 Joseph Forge Port Joshuaside  GA 78619,East Malloryborough,Iowa,07091,Tonga,3
Michelle,Roberts,Others,2024-08-15,larrybarnes@example.com,+1-342-903-8292x8815,9728 Gutierrez Ways New Johnburgh  KY 64261,Danieltown,Tennessee,04250,Isle of Man,5
Alice,Wilcox,Others,1991-02-18,thomas59@example.net,623.720.0660x69498,5190 Sharon Fork East Kristenmouth  MP 51726,Smithport,Virginia,25243,Saint Lucia,2
Ana,Scott,Not Specified,1990-07-23,olawson@example.org,(213)552-3763,65906 Timothy Lane Apt. 921 East Barbarahaven  NE 04382,Younghaven,Washington,08409,Mayotte,2
Trevor,Mitchell,Others,1974-06-21,martinezjose@example.org,668-807-8700x325,6845 Farrell Street Apt. 168 Denisetown  MO 10047,South Stephanie,Oregon,13739,French Polynesia,4
Kyle,Arnold,F,2008-03-20,damon02@example.com,001-354-986-6381,PSC 0526  Box 3089 APO AP 27024,North Jessicabury,Maine,89173,Netherlands Antilles,3
Tara,Young,M,2013-09-30,nancymichael@example.net,859-964-9890x730,2376 Wiggins Islands Apt. 540 South Reneeside  DC 01120,Stephanieton,Tennessee,24657,Kiribati,2
Bill,Shaw,M,1995-06-13,stephanie32@example.com,001-271-363-7304,5693 Kathryn Spring Suite 428 New Tanya  OK 11322,North Theresa,Illinois,21078,North Macedonia,3
Emily,Medina,F,2000-02-19,xturner@example.com,5437843167,047 Torres Key Apt. 488 West Raymond  OK 28432,Danieltown,New York,11316,Wallis and Futuna,2
Rebecca,Escobar,F,2000-09-26,rogersbrett@example.net,(826)292-5161x25403,762 Cameron Plaza North Mariaville  CT 67043,Delgadoberg,Arkansas,39429,Timor-Leste,2
Jennifer,Cruz,F,1998-08-06,jmorales@example.net,(609)685-1205,74202 Jacobs Manors Lisafurt  GU 12279,New Joshuamouth,Pennsylvania,09243,Cocos (Keeling) Islands,2
Jorge,Snow,Others,2013-02-09,dwright@example.org,(219)522-3495,953 Cindy Street Suite 091 North Bryan  NH 84334,Lake Joanne,New Hampshire,10581,Madagascar,4
Thomas,Walker,Others,1983-06-16,davidshort@example.net,(324)686-7195x8447,234 Shields Ways Apt. 526 Diazfort  CT 30366,Lynnstad,Florida,56453,Niger,3
Amber,Hodge,F,1984-12-16,christine23@example.com,640.834.7677x74051,65600 Larson Ridge Apt. 290 East Alyssaport  UT 47251,Lake Brian,Virginia,78898,Chad,4
Dana,Wu,Others,2025-08-13,roybradley@example.org,001-350-360-9018,USCGC Evans FPO AE 02579,East Juan,Oregon,83991,Northern Mariana Islands,1
Emily,Reilly,M,1982-06-27,ryan75@example.net,3688938948,7103 Connor Land East William  SD 55780,Maldonadoburgh,Wyoming,48548,American Samoa,5
Brittany,Johnson,F,2020-02-06,brownkayla@example.com,001-600-766-1172,015 Harper Harbor Apt. 665 Khanland  KY 44649,Port Stevenborough,Alabama,53940,Niger,1
Krista,Watson,F,2001-04-12,whiteanthony@example.com,+1-721-861-5592x97039,20993 Jennifer Junctions Apt. 330 West Anna  VI 51554,Melissahaven,Washington,61505,Jordan,3
Chase,Castro,Others,1994-08-08,randyponce@example.org,+1-663-535-0675,96820 Jonathan Oval North Haley  NC 41292,Johnsonton,Washington,32678,Greenland,2
Christopher,Lewis,F,1984-05-22,nflores@example.org,+1-613-598-1112x859,4214 Barrett Parks Apt. 327 North Gina  WI 42092,Graymouth,Montana,81298,Kazakhstan,1
Daniel,Deleon,Others,2020-01-11,pduffy@example.com,594-376-6727x5263,2171 Robert Estate Suite 773 East Devonstad  MO 67630,New Christophermouth,Florida,61578,Turkey,4
Richard,Huynh,F,1991-11-09,faguilar@example.com,001-472-965-0722,USNV Baker FPO AE 03959,Garnertown,Missouri,78150,Senegal,3
Christine,Shannon,Not Specified,1990-04-28,aliandre@example.net,(864)441-7620,8293 Hicks Pike Apt. 985 West Tracey  PA 56883,Scottberg,Pennsylvania,07747,Nepal,4
Sue,Stewart,F,2013-09-09,norma35@example.com,(997)406-5472,USCGC Smith FPO AP 40262,Port Peterside,Wisconsin,71054,Guyana,3
Elizabeth,Watkins,Others,1993-09-22,rodriguezchristian@example.net,400.608.7615,67751 Casey Loop Apt. 185 East Paul  MH 47755,East Patriciashire,Louisiana,29411,Montserrat,4
Donna,Burke,Others,2011-07-31,wilsondawn@example.org,001-395-651-9539x319,93767 Kennedy Glens Lambertfort  SD 11565,West Matthew,Kentucky,08023,Denmark,3
Sara,Holloway,Others,1977-06-28,mary07@example.net,+1-606-232-8775,64089 Jose Throughway Suite 905 South Ray  PW 68573,West Michaelland,New Mexico,99139,French Guiana,2
Robert,Lopez,M,1976-11-24,brandi87@example.com,766-810-6767,09650 Morgan Flat East Erika  PW 63525,Jenniferside,Colorado,52603,Jamaica,2
Savannah,Peters,F,2017-11-24,dannyflynn@example.com,+1-921-337-4691x23550,4700 Scott Avenue East Melissa  LA 57360,South Lauramouth,Minnesota,45082,Norway,1
Karen,Shepherd,Not Specified,1983-11-30,johnsonjennifer@example.com,(381)236-2592x626,064 Mcdonald Valley Suite 832 Meganmouth  IA 23658,Simpsontown,Massachusetts,70057,Barbados,1
Michael,Fletcher,F,2008-03-07,pgood@example.net,001-878-800-4457x40547,USS Cain FPO AP 40536,East Tyler,Idaho,63499,Korea,2
Jessica,Klein,Not Specified,2010-04-09,hhogan@example.net,001-985-809-7793x6678,4424 Vance Gardens Suite 498 Port Kelly  ME 01034,Port Shawna,New York,67087,Saudi Arabia,5
Rodney,Terry,F,2024-12-05,michelejones@example.net,(793)246-0547x8638,568 Andrew Crossroad Suite 323 Lewisburgh  IL 71573,North Ronald,North Carolina,59297,Puerto Rico,3
Ashley,Harper,Others,1996-09-03,psampson@example.com,486-208-5091x494,92373 Patterson Drive Suite 782 Kellymouth  WA 18291,New Ashleyfort,Kansas,87541,Poland,2
Tina,Lewis,M,1977-10-18,johnny76@example.org,(484)810-8706x82175,50716 Richardson Vista Apt. 404 Scotthaven  ME 09713,Burkeville,Nebraska,50795,Somalia,3
Teresa,Scott,M,2012-03-08,john76@example.net,852.586.6890,821 Rojas Extension Apt. 224 West Kevin  NM 50989,Zhangchester,Texas,91935,Antarctica (the territory South of 60 deg S),3
Sean,Tran,M,2021-07-16,jacksoncraig@example.net,329.603.4464x2072,76670 Fisher Mountain Lake Kimberly  DE 25388,Lake Joshua,Wyoming,56019,Senegal,5
James,Berger,F,2018-01-12,jennifer88@example.org,001-743-838-4300x53269,1532 Key Trace Lake Jessicafurt  AS 67883,Tuckerburgh,Louisiana,53998,Czech Republic,4
Nicole,Kim,Not Specified,1981-06-15,deborahlittle@example.net,569-339-7509,222 Lauren Extension Loriborough  CT 83375,East Meganshire,New York,36572,Belarus,5
Emily,Carpenter,M,1970-03-25,bhall@example.com,001-394-705-0666x22064,49370 Curtis Groves Apt. 936 North Jamesville  NM 54721,Mosleyshire,Texas,96598,Kyrgyz Republic,5
Eric,Carroll,Others,2024-05-19,padillaian@example.com,671-989-1138x9004,3895 Barron Route East Marissa  PR 19166,Lake Trevor,Nevada,96542,Guinea-Bissau,2
Andre,Fisher,Others,2021-06-21,russellkeith@example.net,626-832-9721x162,94733 Thompson Lane Apt. 552 East Ryanfurt  PR 68405,Brianshire,Vermont,46252,Cambodia,2
Joanne,Vaughn,F,2023-04-04,stephen13@example.net,747.960.7129x6975,4924 Melanie Ferry East Sheenahaven  MI 51380,Kevinview,New Jersey,74146,Hungary,2
Diane,Williams,F,2023-09-29,aavila@example.net,812.944.3086x8829,28201 Doris Plains Ricechester  VA 72949,Thomasberg,Arkansas,52481,Vanuatu,1
Duane,Lang,Not Specified,2001-07-29,daniel87@example.net,001-981-824-9411x471,5111 Laurie Streets Suite 295 East Mark  NJ 31697,New Karenberg,Texas,56527,Holy See (Vatican City State),2
Meagan,Orozco,Others,1999-11-13,garciaandrew@example.com,6182198311,025 Steve Cove Suite 594 Rodgersfurt  CT 80145,Morenoland,Maryland,26713,Falkland Islands (Malvinas),2
Kristi,Reed,Not Specified,1973-02-27,reyessusan@example.com,(302)753-2289x569,7704 Grace Isle Suite 309 Amytown  OK 90747,Adkinsmouth,Vermont,06118,Tunisia,1
Robert,Jones,F,1993-06-19,justin78@example.com,579-754-4320,041 Day Island Tylerstad  DC 19335,Port Elizabethfurt,Arkansas,72962,Mauritius,3
Brianna,Franco,Not Specified,2003-05-03,wendycarroll@example.org,(445)872-6119x637,38053 Austin Bridge Suite 415 Port Michelle  LA 47386,Lake Cassandrabury,Washington,98011,Christmas Island,4
Ricky,Williams,M,2009-07-27,iking@example.org,+1-563-271-6923x055,84208 Samantha Freeway Suite 826 Lake Alexa  AL 10233,East Johnburgh,Kentucky,67251,Lesotho,4
William,Pittman,Not Specified,1987-01-07,brittanybraun@example.com,269.611.1885x6650,9651 Cassandra Crossing Smithside  RI 05335,Wrighttown,Connecticut,76978,Puerto Rico,4
Sandra,Daugherty,F,1992-01-18,garciatimothy@example.org,(269)769-9123x4470,699 Scott Port Lake Stephaniechester  PA 20249,East Alanland,Tennessee,43091,Canada,2
Paul,Williams,M,1994-08-09,ubryan@example.org,921-822-6517x641,026 Johnson Curve Suite 592 West Matthew  MO 05250,Lake Cathyport,Texas,24886,Nicaragua,5
Tracy,Blair,F,2009-09-22,castroamanda@example.org,9883700471,06959 Patricia Tunnel New Ashley  WY 45899,West Michael,Wisconsin,56316,Montserrat,2
Raymond,Kerr,Not Specified,2001-12-31,armstrongtracy@example.org,(985)552-6647x74172,74327 Myers Circles Castrofurt  ND 10133,Colleenmouth,Kansas,80034,Mozambique,2
Steven,Garcia,Others,1972-08-06,newtonnicole@example.com,217-932-3521x7070,65749 Charles Glen Suite 125 Thomastown  NC 68003,Lake Aaron,Georgia,95098,Pakistan,5
Gregory,Davis,F,1979-02-06,ellisrobert@example.net,(648)205-3132x87834,Unit 1164 Box 3032 DPO AA 34343,Jamesberg,Montana,52865,Ethiopia,5
Diana,Martinez,Others,1972-11-08,xrojas@example.com,253.532.3951,7359 Michelle Mountains Port Michellestad  AZ 56687,Marshallberg,California,36036,France,2
Jennifer,Ryan,F,1979-07-13,williamslonnie@example.org,962.502.0808,7156 Mitchell Vista Suite 491 North Michael  TX 29336,Sanchezchester,Massachusetts,64881,Namibia,3
Charlotte,Webster,M,2014-10-23,mmyers@example.com,799.309.7335,07729 Martinez Union Apt. 647 Lorimouth  NE 31562,Port Johnhaven,Virginia,86986,Lithuania,1
John,Bowman,Not Specified,2001-03-08,ogreene@example.net,302-229-6414,59579 Sullivan Street Rachelfort  UT 32087,Justinborough,Oregon,36254,Cook Islands,1
Jason,Daniel,F,1970-11-02,framsey@example.com,544-564-2682x4410,348 Brown Estate East Michaelshire  NC 23821,New Aaron,Arkansas,45265,Bosnia and Herzegovina,2
Vernon,Garza,Not Specified,2003-11-14,heather49@example.com,732-676-6810,2459 Hall Fords Suite 198 Jacobmouth  NJ 69134,Timothystad,Kentucky,81230,Congo,2
Lynn,Molina,M,2005-02-06,craigkelly@example.net,537.363.9679x61099,PSC 7177  Box 0463 APO AE 29781,Hernandezmouth,South Dakota,44107,Libyan Arab Jamahiriya,3
Eric,Lee,M,2022-01-26,fergusoncynthia@example.net,4396874242,3990 Douglas Parks Apt. 360 Armstrongview  WY 68213,Drakehaven,Alabama,90324,Iraq,4
Taylor,Trevino,Others,2023-08-06,qcampos@example.net,522.678.5313,106 Carla Vista New Danielburgh  PR 91356,Marvinport,Florida,62059,Cape Verde,4
Lindsey,Rodriguez,Not Specified,1992-07-29,denise50@example.net,+1-803-734-6927x232,8721 Castillo Branch Apt. 150 New Christopher  VA 91366,Bakerview,California,48994,Kenya,1
Chad,Cook,M,1988-07-23,hamiltonstephen@example.org,894.589.5788x0331,42322 Jimmy Loop Ellisville  TX 66621,West Cassandra,Ohio,08946,Sri Lanka,3
Miguel,Cole,M,1991-09-15,michael11@example.org,001-264-299-5716x2524,9881 Rebecca Walks New Alexismouth  MN 37994,West Alexanderberg,New Jersey,36937,Wallis and Futuna,4
Kevin,James,M,1997-11-21,robin26@example.org,(715)973-4258x1885,7856 Wall Via Apt. 480 Port Shanebury  AS 70399,Hullfurt,Indiana,74165,Cook Islands,1
Robin,Horne,M,1989-09-06,irice@example.com,537.876.5309x769,Unit 9315 Box 2260 DPO AA 41915,North Leslie,Missouri,98419,Tanzania,3
William,Pena,M,1992-11-11,timothywu@example.org,358-473-9666,990 Hernandez Springs Port Marieton  WA 02294,New Monicaville,Pennsylvania,20459,Grenada,3
Ashley,Wheeler,Others,2009-10-16,jonathan71@example.net,2874402451,32389 Christopher Wells South Jenna  PR 69823,Robertsshire,Vermont,86427,Turkmenistan,4
Brian,Robinson,M,1992-06-28,sarahparks@example.org,452-254-1889x169,457 Cook Crossroad Sherryberg  PR 27375,West Edwardbury,Delaware,92318,Papua New Guinea,5
Julie,Taylor,M,2009-09-28,allisonethan@example.net,423.759.5991,85901 Christine Turnpike Apt. 412 Port Brandonland  NH 42608,East Sarah,South Dakota,96405,Italy,5
James,Stone,M,1988-12-27,hermancaleb@example.com,+1-776-676-8455x87720,4308 Laura Viaduct Suite 238 North Anna  WY 31004,Christopherville,North Dakota,87022,Mongolia,5
Courtney,Skinner,Others,1982-07-30,joan87@example.net,422-358-3362x05686,14867 Wong Extensions Port Joseph  OH 22991,New Jamesmouth,Colorado,40017,Jordan,1
Christopher,Hicks,M,2011-04-26,robertsgina@example.org,001-834-458-4652x85612,1964 Hernandez Brook Amandaside  UT 39918,Solisville,New Mexico,77228,Guatemala,3
Jake,Taylor,Others,1991-01-01,john47@example.com,001-240-472-0102,792 Moran Village Apt. 678 Mccarthychester  DE 27303,Barnesview,Kansas,47080,Brunei Darussalam,1
Lisa,Williams,M,1980-12-06,christopherboyle@example.net,001-659-371-4823,7750 Henderson Falls Apt. 028 Port Kathyfort  WY 50451,West Nicholas,Maryland,49664,Bangladesh,1
Maurice,Carr,F,2007-12-05,rebeccacurtis@example.net,831.406.8147,9984 Larsen Flats Suite 897 Cherylberg  MP 09667,Cordovaton,Alaska,34429,Costa Rica,3
Christina,Clark,Not Specified,2018-07-29,ericmartinez@example.net,001-824-770-1532,7199 Andre Neck Apt. 656 Williamland  PW 22461,Tiffanyberg,North Dakota,73460,Bulgaria,2
Monica,Watts,Others,1984-11-29,wjones@example.net,(724)376-1017,28034 Hernandez Ports Mcintyretown  PA 36958,Lake Chad,New Mexico,72977,Ireland,3
Kaitlyn,Hicks,F,1974-12-01,zwalker@example.com,+1-557-579-6937x416,2284 Marshall Hollow Apt. 635 Nancyberg  NM 18451,East Glenn,Connecticut,46309,Wallis and Futuna,3
Benjamin,Cameron,F,1973-02-25,carrie87@example.net,(375)744-8960,9309 Ashley Alley North Bryanmouth  NH 40211,Port Brittany,Utah,44961,Bahrain,5
Christopher,Jackson,M,1974-12-12,audreysanchez@example.org,001-681-524-2600x86157,31140 Victoria Lodge Suite 740 Collinsburgh  UT 35273,South Paul,Maryland,50016,Morocco,2
Jeffrey,Fields,Not Specified,2006-12-16,codygordon@example.com,380-241-3091x6428,84309 Fields Mountain South Kelly  SD 35223,West Ericfort,Nebraska,76974,United States Virgin Islands,1
Brian,Townsend,M,2024-02-08,angelajohnson@example.net,492-645-5219,05520 Carter Causeway Suite 381 New Charles  ME 19282,Lake Markburgh,Ohio,61243,American Samoa,3
Jaime,Andrade,Others,2015-02-14,logan11@example.com,455-911-7476x457,PSC 0234  Box 8440 APO AA 84975,New Ryanmouth,Utah,67508,Finland,2
Laura,Parsons,Not Specified,1999-08-17,dianethomas@example.com,763.635.5028x2733,547 Blackwell Lakes Johnsburgh  PW 16621,Toddport,Michigan,35275,Canada,4
Lawrence,Cain,Not Specified,1979-12-05,jenniferoliver@example.net,663-833-6850x9575,8049 Erik Pike Petersonchester  WV 74771,East Christyland,Illinois,69205,Mexico,3
Nathan,Estrada,Not Specified,1973-10-11,timothy07@example.org,(959)393-3571x2524,8893 Mary Fields Brianhaven  ND 82174,Brentfurt,Delaware,30163,Isle of Man,3
Stephen,Sims,Not Specified,1984-06-15,vanessa85@example.net,233-857-0771x281,8310 Leslie Springs Apt. 640 East Oscar  DC 51436,Kirstenview,Utah,68856,Iran,3
Laura,Davis,F,2008-09-27,nsmith@example.com,001-800-305-0990x2120,Unit 4162 Box 9692 DPO AE 45599,Cobbland,Tennessee,80333,Denmark,4
Daniel,Patterson,F,2001-08-11,christopher74@example.net,913-865-6271x1365,499 William Well South Michael  PW 51734,East Johnland,North Carolina,29704,Ireland,4
Susan,Jones,M,1997-06-28,cookbriana@example.com,6995095736,94883 Andrew Pine Apt. 487 Dianafort  VI 19619,West Pamelaton,New Hampshire,92202,Montserrat,3
Dave,Clarke,Not Specified,2008-03-25,andrewjackson@example.com,+1-944-924-5447x9958,Unit 3955 Box 6597 DPO AE 92652,North Garymouth,Wisconsin,50074,Estonia,4
Sean,Richardson,M,1978-09-17,valdezgregory@example.com,536.216.8893,064 Clark Knolls West Mark  VT 21689,Bryanfort,Pennsylvania,75638,Mayotte,3
Nicole,Compton,Not Specified,1980-12-04,kpatterson@example.com,+1-514-505-5864x53702,804 Robert Creek New Theresa  UT 53548,Dorseyland,Washington,10143,Tanzania,1
Jason,Sanders,F,1978-04-28,teresapatel@example.org,001-994-976-6404x7127,018 Joyce Island Suite 064 East Charles  MO 03225,North Christinaburgh,Ohio,76833,Switzerland,1
Richard,Scott,Not Specified,2009-09-15,jbryant@example.net,(759)943-8851x35342,USNS Harper FPO AE 13222,Jessicaton,Idaho,97979,Paraguay,5
Cathy,Taylor,F,1996-03-17,irivera@example.com,781-760-2924x819,67076 Thompson Track Apt. 551 East Frederickberg  MD 43921,Kathymouth,Arizona,77142,Sierra Leone,1
Stacy,Wang,Not Specified,1971-05-21,maria96@example.org,789-692-6462x91855,27850 Holland Manor Apt. 306 New Hector  PR 28467,Leahtown,Rhode Island,02666,Spain,2
Brendan,Norton,Others,1995-11-14,greermelissa@example.org,9072266019,649 Cole Road Apt. 727 New Anneton  FM 70190,Port Michaelmouth,Virginia,82254,South Africa,1
Brittany,Brown,F,1993-12-25,brenda37@example.org,(681)521-5323,1854 Fox Rapid Apt. 372 Owensfurt  WA 09644,Schwartzland,Pennsylvania,69426,Grenada,4
Vanessa,Lewis,Not Specified,2021-03-16,khandaniel@example.com,383-568-2709x0697,3875 Perez Oval South Jeffreyborough  TN 63478,North Sara,Alaska,95086,Bangladesh,2
Christina,Taylor,M,2006-01-10,gary13@example.org,9438001891,USCGC Kim FPO AP 70159,West Theresahaven,Kansas,80088,Malta,3
William,Colon,F,1986-08-26,reedrebecca@example.org,+1-826-684-1845,717 Taylor Pines Suite 100 Perezborough  VT 04128,Leonardtown,Massachusetts,34732,Christmas Island,3
Joshua,Baker,Others,2023-04-12,douglas40@example.org,732.291.7648x669,446 Jones Neck Suite 700 Ramirezport  NH 42085,New Patriciamouth,Maryland,33688,Jordan,1
Kimberly,Gonzales,Others,1999-07-21,frazierantonio@example.net,+1-629-436-2953x2088,6487 Tanner Harbors Joycechester  NC 00836,West Renee,Texas,59439,North Macedonia,4
Sabrina,Cook,Not Specified,2021-04-26,meyersnathan@example.net,001-359-749-1406x561,12416 Ford Mission North Rachelview  CA 17532,Cristinaview,West Virginia,69234,Saint Pierre and Miquelon,3
Larry,Hernandez,M,2004-07-02,henry91@example.com,001-859-511-0772,463 Gallagher Union Apt. 262 Cynthiaview  OH 24143,Chadstad,Illinois,70334,Equatorial Guinea,1
Lisa,Anderson,F,2014-01-25,hamiltonchristopher@example.org,2124757015,USNV Goodwin FPO AE 05379,Port Richardland,Louisiana,51140,Luxembourg,3
Amy,Carr,M,1972-03-03,clifford74@example.com,299.368.6670,247 Pittman Island Chenstad  NJ 22563,Montoyashire,Mississippi,86165,Germany,4
Monica,Williams,F,2012-11-23,kellynelson@example.net,976-584-8157x45575,74748 Johnson Ridges Suite 167 North Lesliechester  VA 61487,Ruthstad,Colorado,02345,Estonia,2
Andrew,Henry,Others,1998-10-27,burketaylor@example.org,+1-907-210-9850x4633,65047 Brooke Island Jamesmouth  MH 43098,Lake Craigville,Illinois,45706,Monaco,2
Cody,Flores,Not Specified,2009-08-25,jsmith@example.net,825.225.1162x39901,39738 Santiago Locks Apt. 562 Deanport  NV 35132,Zacharybury,New Jersey,00674,El Salvador,2
Nicole,Stewart,F,1979-01-25,amywheeler@example.org,+1-859-657-0472x78818,4852 Brendan Club Suite 875 Walkerland  NH 16676,Ryanmouth,Illinois,72614,Jersey,1
Jacob,Adams,Others,1972-01-16,ahensley@example.com,928-441-9376x216,4360 Julie Well Jonestown  GA 53619,South Jeffreystad,Alaska,77682,French Polynesia,1
Joseph,Montoya,Not Specified,2020-02-28,garymooney@example.net,+1-362-815-7525x47137,PSC 8065  Box 6324 APO AE 65322,Racheltown,Michigan,34927,Pitcairn Islands,1
Patrick,Norton,F,2004-07-07,xcox@example.org,+1-636-394-3170x5667,06278 Spencer Mission West Davidstad  AS 90757,Josephburgh,Nevada,10040,Malta,3
Rachel,Ford,Not Specified,1973-07-16,kellyklein@example.net,236-881-1526x1049,64311 Wendy Road Bucktown  FL 50451,South Jeffreymouth,Tennessee,60550,Congo,5
James,Good,F,1977-07-04,amanda29@example.com,+1-312-494-1315x021,37630 Cameron Harbor Suite 574 Jodihaven  UT 04211,Luisburgh,Pennsylvania,41009,Grenada,4
Emma,Francis,F,1983-03-20,edwardwillis@example.net,861-344-9576,869 Nelson Springs Suite 379 Ralphhaven  AR 72787,West Michael,Nevada,79365,Norfolk Island,1
Savannah,Brown,M,1997-03-09,laurenward@example.net,(217)288-4306,44743 Alan Inlet Hernandezfort  NE 42652,East Micheleview,Florida,46371,Ireland,2
Mark,Callahan,Others,1982-04-10,dianarogers@example.net,(638)824-7970x296,7424 Ariel Dam West Jamesbury  MS 90778,Richardfort,Oregon,36551,Taiwan,5
Steven,Hull,Not Specified,1991-06-06,woodjennifer@example.com,764.257.5036x9428,229 Denise Garden West Deborah  UT 49858,North Brooke,Wyoming,90449,Dominica,2
Jimmy,Austin,Not Specified,2005-10-16,mcdanielmichael@example.org,675-691-3924x65314,15082 Suzanne Mall Lake Justinchester  OK 90512,East Theresa,Texas,51092,Madagascar,5
Kristen,Gardner,F,1999-01-09,ujordan@example.org,260.404.1543x142,738 Nathaniel Extensions Port Jack  AR 93141,Ronaldhaven,South Dakota,11861,Lesotho,1
Samantha,Dorsey,Not Specified,2000-06-14,charlesbradley@example.org,765.465.2421,5431 Lawrence Centers Carlosburgh  AK 48403,Jenniferhaven,Wyoming,84280,Lithuania,4
Hannah,Leach,M,1975-06-25,omartin@example.net,(391)255-7104x90254,317 Jessica Overpass Suite 190 West Kellymouth  OH 26216,Matthewview,Florida,15473,Korea,1
Charles,Cantu,M,1997-11-18,hansonsarah@example.org,(957)594-5184x08209,32246 Peters Course Suite 044 North Joelland  NM 80313,Port Sethland,Michigan,94801,Pitcairn Islands,2
Sean,Miller,F,1990-12-08,carla52@example.com,512-981-7772x9405,601 Lori Heights Apt. 538 Victorhaven  WA 30650,New Daltontown,Indiana,79056,Moldova,1
Kayla,Todd,Others,1982-09-28,ldavidson@example.org,302.404.9766x08335,67551 Smith Row Suite 116 East Mitchell  OR 17631,Langshire,Arkansas,61760,Sudan,4
Evan,Henry,Others,2007-02-23,judy75@example.net,931-435-6574x3901,246 Collins Shores Austinchester  UT 41847,Port Meganshire,South Dakota,21449,Congo,2
Kathleen,Smith,Others,1991-05-09,claytonjonathon@example.com,663-455-9135x54104,740 Lopez Hollow Suite 988 New Lisa  WI 01802,Darrylstad,Virginia,03712,Russian Federation,1
Marissa,Weber,M,2018-05-25,jacobsaustin@example.net,522-838-7199x06006,8416 Pennington Crest West Patricia  NJ 73477,Davisborough,Oregon,74906,Saint Pierre and Miquelon,4
Maria,King,M,2021-09-06,michellewest@example.net,312-283-1568x22291,14506 Alexander Stravenue North Tara  PW 43059,Davidfurt,Idaho,69268,Vietnam,4
Rebecca,Larson,Others,1985-02-14,michaeljohnson@example.net,+1-654-569-1416x622,PSC 6794  Box 4658 APO AP 84084,East Thomas,Maine,67324,Israel,3
Michael,Allen,Others,1980-04-23,belljennifer@example.net,(763)884-3018,USNS Torres FPO AP 35330,Nolanmouth,Alabama,00635,Bosnia and Herzegovina,5
Sarah,Salinas,M,2024-03-17,hurleyvalerie@example.org,001-850-443-5767x8450,782 Garcia Drive Kimberlyborough  AS 79638,Estradabury,Nevada,72965,Norway,5
Todd,Brown,F,2008-10-16,ashlee94@example.net,6724257408,06962 Lori Estate Dianastad  MD 09586,Lovechester,Florida,15663,Spain,4
Tiffany,Clarke,Others,1976-10-20,erin83@example.com,+1-308-967-1528x09925,5793 Holland Plains Apt. 343 East Randallton  AL 43884,East Michelleshire,Indiana,31866,Japan,2
Taylor,Duran,Not Specified,2006-11-02,vknight@example.org,001-608-451-4997x375,70250 Foster Station Suite 162 Janiceberg  OK 43630,North Rebeccaville,North Carolina,29475,Belize,4
Beverly,Torres,F,1980-06-02,anna80@example.net,9223005356,620 Megan Freeway Suite 370 Garrettfurt  MT 53926,South Molly,Colorado,60469,United States Virgin Islands,5
Anthony,King,F,1998-03-25,djones@example.org,(721)811-0559x228,888 Smith Run Teresashire  CA 11974,Chavezburgh,North Carolina,45870,Cayman Islands,2
Anne,Heath,Not Specified,2016-03-19,rwaller@example.org,(759)623-1921,30670 Ruiz Turnpike Apt. 715 East Paula  MP 87160,Beasleyport,Idaho,87418,Pitcairn Islands,1
Sara,Lozano,Not Specified,2003-07-07,mcdonaldashley@example.net,(425)906-7510,2019 Kyle Street Suite 598 Adamton  SC 30357,Kimstad,Hawaii,54326,Marshall Islands,1
Lauren,Baker,Others,2011-12-28,ricky98@example.com,001-823-778-0399x1829,5046 Morgan Mountains Apt. 739 Nicholashaven  OK 14770,Elizabethchester,South Dakota,54235,Lesotho,1
Lindsey,Russo,Others,2003-05-09,cartersabrina@example.com,9728283735,849 Leslie Springs Suite 312 Lake Adam  AZ 12971,New Julia,Texas,51303,Ethiopia,4
Joseph,Trevino,Not Specified,2005-05-13,andreaclark@example.org,001-782-742-1013x0827,Unit 2705 Box 0174 DPO AP 22048,Camposview,Massachusetts,98422,Tanzania,4
Brittany,Rosales,Not Specified,1984-10-02,deanna44@example.net,+1-397-956-0597x13699,5853 Mia Springs Apt. 669 Lake Jennifer  SC 86146,Mckinneyburgh,West Virginia,62591,India,1
Nicole,Rodriguez,M,2015-11-04,brian36@example.org,001-759-719-2984x64206,960 Mcintyre Flat Apt. 366 West Wendy  MN 83938,Thomaschester,New Jersey,68889,Chile,3
Jennifer,Caldwell,Others,1974-04-15,monica77@example.net,+1-471-820-8821,009 Matthew Ramp Suite 996 North Amanda  ME 32383,Lake Michaelview,Georgia,89720,Grenada,1
Bonnie,Johnson,Others,1976-04-15,deanerica@example.net,+1-516-950-1304x1057,USCGC Oneal FPO AE 72679,West Elizabethberg,New Hampshire,77156,Guam,3
Zachary,Nelson,Not Specified,1991-07-21,johnny90@example.org,001-382-438-3217,7050 Johnson Underpass Apt. 548 Emilyville  PR 62497,East Dianaview,North Carolina,65158,Bermuda,3
Alexis,Smith,F,2003-05-16,hectorbutler@example.net,(480)524-4386x95125,407 Julie Shore Suite 906 West Colleenville  DC 44041,Philipshire,Arkansas,16563,Niue,5
Travis,Henry,Others,2008-08-12,tara73@example.net,426-721-8764,190 Sandoval Inlet Lopezside  MO 82537,Lake Oliviafort,Virginia,98768,Seychelles,5
David,Harris,Not Specified,1985-10-21,jerry79@example.net,397-709-5606,USCGC Compton FPO AE 73793,Amandaberg,Maryland,84018,Saint Pierre and Miquelon,4
Laura,Rodriguez,M,1993-10-05,maryfernandez@example.net,502.503.4319,015 Williams Prairie Apt. 563 Port Karen  VA 09764,Heatherview,New Mexico,14412,Saint Kitts and Nevis,2
Jennifer,Strickland,F,1979-08-30,ryan52@example.org,739-467-1473x20210,508 Gregory Islands Apt. 577 Copelandton  ND 48430,Kristafurt,Wisconsin,58550,Northern Mariana Islands,4
Monica,Clark,Others,2020-02-05,ngarcia@example.org,001-896-434-4203x7303,USCGC Randolph FPO AP 03265,West Alexanderfurt,California,75149,Croatia,3
James,Le,Not Specified,2014-07-16,donbrennan@example.net,3278304519,243 Jeffrey Tunnel Apt. 081 Williamsport  NY 39247,Port Tamara,Illinois,33474,Grenada,5
Elizabeth,Gregory,Not Specified,2016-06-05,jbowman@example.org,321-342-7804x62503,9166 Williams Parkways Apt. 312 Andersonland  TN 26088,Kellitown,New Mexico,29165,Brazil,3
Daniel,Howard,M,2008-01-03,mhull@example.org,507.512.5936x04353,2727 Belinda Harbors Suite 775 Michaelhaven  AK 35187,Robertborough,Alaska,96660,Jamaica,1
Amanda,Gordon,Not Specified,1986-12-07,ivalentine@example.org,(714)785-4772,030 Amanda Cliff Suite 011 New Feliciaview  PW 16726,South Christopherton,Nevada,69131,Sweden,4
Sean,Thomas,Not Specified,2014-01-09,ijohnson@example.net,(507)611-2965x51051,PSC 2267  Box 0871 APO AP 28776,West Tamara,Idaho,22650,Nicaragua,1
Robert,Sharp,M,2002-07-28,jacobrodriguez@example.net,3646051490,04831 George Shores Hahnburgh  MI 05004,Pearsonview,Delaware,39605,Papua New Guinea,4
Jessica,Lara,F,1989-12-30,michaelpeterson@example.net,(433)616-6094,268 Jasmine Square Suite 726 Clinetown  MH 19151,Crystalburgh,North Dakota,43722,New Caledonia,4
Michael,Valdez,Others,2012-01-25,hsimmons@example.net,(213)258-2984x77356,20875 Victoria Plains Suite 914 Wilcoxville  MO 64776,Vargasport,Nebraska,65903,Dominica,2
Alyssa,Pena,M,2015-02-06,jacobsdiane@example.com,804.787.5649,80234 Michael Shoals Hansenmouth  AR 45549,New Andreaport,Arkansas,55129,Guatemala,2
Robert,Bowen,Not Specified,2004-08-23,thorntontiffany@example.org,745.809.5515,PSC 6013  Box 3096 APO AE 85384,Lake Theodoreborough,New Jersey,74494,Sweden,5
Jerry,Lee,Not Specified,1993-05-15,nwashington@example.com,222.496.5110x1264,6617 King Flat Suite 018 Perezmouth  NY 55904,West Jameshaven,Oregon,23415,Dominican Republic,5
Krista,Vasquez,Others,2025-09-04,michaelbrooks@example.org,442.994.7334x9754,18401 Hill Well Suite 335 West Thomasborough  TN 18304,Lake Glenn,Rhode Island,90005,Norfolk Island,4
Katherine,Walsh,Not Specified,1975-10-23,clarkdiana@example.org,+1-746-745-9483x59252,03407 Jackson Mall Erikaview  MD 04958,West Patriciaborough,Delaware,29233,Ethiopia,3
Whitney,Collier,Not Specified,2020-02-23,john76@example.net,(616)996-3757,8877 Thomas Turnpike Apt. 920 Joshuatown  AS 28920,Robinside,Alaska,80828,Ghana,5
Zachary,Sullivan,Not Specified,2018-08-08,laura13@example.com,+1-828-805-1223x6016,70509 Natalie Meadows Lake Rogerborough  NC 79797,Sullivanville,Idaho,13809,Greece,1
Ronnie,Wright,Not Specified,2022-02-01,uturner@example.org,7514191905,95901 Davis Lights Apt. 343 Poncefort  WA 03409,Reedhaven,Virginia,33376,Niger,4
Scott,Welch,M,1996-06-21,uspencer@example.com,633-973-8188x7547,28458 Matthew Stravenue Suite 338 Basstown  MA 46053,Kathrynport,Oregon,28453,Gibraltar,1
Adam,Hudson,Others,1998-11-29,xdavis@example.com,248-530-2803,PSC 0475  Box 5586 APO AA 65016,South Zachary,North Carolina,13106,Madagascar,5
Edward,Williams,M,2025-02-04,dclark@example.org,001-821-955-4468,28309 Angelica Alley Apt. 110 Kingchester  HI 05557,Barnesbury,Indiana,55908,Puerto Rico,4
Katrina,Howe,Others,1981-07-31,charles60@example.org,+1-620-312-1775x235,1629 Davidson Underpass Michaelborough  KY 10833,Lake Timothy,Missouri,48749,Montserrat,5
David,Bender,Others,1991-04-15,keithsnyder@example.com,+1-913-543-9246x13526,1576 Gill Ranch Reginaldborough  GU 84927,Amyburgh,Texas,88840,Panama,2
Jacob,Vega,Not Specified,1975-11-12,ryanwarren@example.net,+1-304-839-9766x033,2057 Christian Underpass Suite 550 Brownland  TN 41366,North Matthewside,New York,34662,Denmark,1
Brandon,Farrell,F,2010-11-07,elizabeth06@example.net,992.660.1256,5075 Elizabeth Knolls Sanchezhaven  MD 77747,East James,New Jersey,58377,Tajikistan,1
Gail,Frank,F,2003-10-02,erikgilbert@example.org,(497)870-6452x996,527 Abbott Fort Smithstad  NJ 96630,Port Donaldside,Wyoming,30626,Estonia,2
Michael,Watson,Others,2000-10-20,christophersmith@example.org,456.715.3370x11262,059 Carlos Alley East Samuel  ME 60219,West Brandon,Oregon,30795,British Indian Ocean Territory (Chagos Archipelago),5
Janice,Stewart,M,2022-06-06,gking@example.net,861.617.4645,8271 Bowen Isle New Jacobstad  WI 57220,New Sean,California,04359,Portugal,1
Brent,Rodriguez,F,1999-06-14,bennettlisa@example.org,646.593.3227x898,86742 Alicia Flat Suite 151 Stewartstad  TX 77046,Angelaport,Indiana,88142,Albania,1
Hailey,Perkins,Others,1987-02-19,bkennedy@example.org,369.919.8023x62388,5067 Munoz Inlet Kimmouth  WA 61291,West Robert,Wyoming,25956,Thailand,5
Nicholas,Mitchell,M,1986-10-11,laurenmyers@example.org,986-715-4162x984,7489 Darin Row Castillobury  OH 25214,Michaelville,Hawaii,84574,Mauritius,4
Jennifer,Wright,M,1980-02-21,jbarton@example.com,663.651.6305,041 Baker Ports Suite 960 Lake Erin  HI 50777,Kaitlynborough,Louisiana,00999,Sierra Leone,4
Jean,Cox,F,2011-04-12,druiz@example.net,782.695.6515x59848,USNS Blackburn FPO AA 77009,Mendezfort,New Hampshire,48875,Angola,5
Keith,Mitchell,M,2000-07-29,smithbrandon@example.net,2469889386,951 Hodge Circle Apt. 936 East Anthony  MI 04442,Davidstad,Montana,80269,Yemen,1
Sierra,Smith,M,2006-08-30,ymcgee@example.net,883.555.9847x24498,241 Melissa Gardens Apt. 138 Jonesborough  AS 85460,Paynetown,Oklahoma,16564,Mali,4
Alejandro,White,M,2013-06-22,taylorvanessa@example.org,8758345295,472 Kristen Bypass Suite 368 Lake Daniel  TN 30470,Port Loriland,West Virginia,52666,Italy,1
Bryan,Gardner,M,1995-10-21,sallen@example.org,001-453-853-1665x9528,01188 Chase Forks New Michaelland  NM 50308,Kennethmouth,North Carolina,29419,Tuvalu,1
Lori,Vasquez,M,1989-11-09,samanthaperez@example.com,479-747-2080x068,770 Smith Crest Apt. 457 West Benjamin  ME 61734,Lake Laurie,Montana,79195,Falkland Islands (Malvinas),2
Michael,Miller,Others,2005-01-01,ballen@example.org,2268325457,3420 Farrell Plains Michaelborough  ME 67315,Port Shirleymouth,Alabama,33660,Luxembourg,1
Scott,Malone,F,1983-11-03,bryan26@example.org,(904)498-0183x51774,9254 Cline Springs Apt. 103 South Richard  NC 97282,Angelborough,Florida,95121,Guam,5
Troy,Mendez,Others,2014-10-31,tannerjimenez@example.org,844-238-2068x374,Unit 1737 Box 1223 DPO AA 29327,Bergberg,Indiana,11504,Russian Federation,2
Lisa,Clark,M,2007-09-06,cbrock@example.com,494-206-6431,51014 Davis Villages Suite 171 East Steven  HI 01192,West Melissaborough,Missouri,61496,Norfolk Island,3
Melvin,Steele,Not Specified,1986-12-18,wilkinsonsteven@example.com,001-559-793-8044x9187,25268 Meredith Lights Suite 434 New Dawn  AR 10300,North Autumn,West Virginia,08265,Belize,4
Stephen,Cherry,Not Specified,1972-12-30,johnoliver@example.org,8107849076,638 Carlos Club Apt. 468 East Jeanland  KS 61269,Susanview,New Mexico,71639,Bahamas,4
Ashley,Bennett,Not Specified,1976-06-09,ogray@example.com,(391)510-1801,1272 Victor Street Apt. 027 Martinberg  CA 70283,West Terri,New Jersey,53092,Malawi,2
Anna,Smith,F,1986-08-21,grantsydney@example.net,(252)272-8562x7751,USNV Hendricks FPO AA 09967,Allisonville,Texas,87574,Guatemala,4
Tanner,Hancock,F,1991-12-28,aimeemitchell@example.com,(426)887-8452x151,Unit 3023 Box 3822 DPO AE 26433,East Jacob,Utah,50956,Gabon,5
Luke,Cruz,F,2000-01-22,michelle15@example.net,535.379.4901x34368,1887 Melanie Landing Mitchellburgh  WA 39807,Tracymouth,Maine,88764,Saudi Arabia,5
Lauren,Smith,Not Specified,1986-09-04,brett06@example.net,(920)455-6481x1229,6480 Perry Courts Suite 030 Baileychester  MO 46646,Bautistastad,Utah,14633,Saint Lucia,3
Renee,Cortez,M,1978-06-05,bonnieallen@example.net,970.993.7181x17352,63025 Jose Turnpike Port Adamhaven  SD 25301,Williamsberg,Oregon,64242,Monaco,4
Taylor,Ford,Others,1979-11-11,jwoods@example.net,(965)351-4923x029,14268 Danny Prairie Suite 313 Timothyville  HI 94875,East Courtney,Indiana,58060,French Guiana,4
Michelle,Underwood,F,1977-10-23,aevans@example.org,+1-617-936-2725x656,366 Amy Crest West Melissa  ID 70136,East Brian,West Virginia,99719,Syrian Arab Republic,5
Marissa,Molina,Others,1973-02-09,megan82@example.com,719-625-5973x4636,494 Hall Orchard Apt. 829 Oconnorland  PA 55102,West Jamestown,North Dakota,04694,Togo,2
Robert,Chavez,Not Specified,1970-06-08,oporter@example.net,(749)340-9547x398,202 Christopher Route North Nathanfurt  PA 28609,Lake Cameronbury,New Mexico,33426,Algeria,4
Nicole,Werner,Others,1970-04-01,elizabethchoi@example.com,(828)386-4236x42388,Unit 5713 Box 2506 DPO AP 67421,Fullershire,Washington,85206,Saint Kitts and Nevis,3
Katrina,Carrillo,F,1998-07-20,williamblack@example.com,+1-631-987-7013,6267 Stone Spur Josephstad  ND 18554,Brownside,Mississippi,94341,Estonia,2
Kara,Goodwin,Others,1985-08-21,ashley38@example.com,638-808-3479x401,9084 Ryan Shoal Apt. 911 New Ashleyshire  MN 83440,North Richardburgh,West Virginia,99357,Guam,4
Richard,King,F,1974-11-03,fhamilton@example.net,441-408-5877x0955,7558 Taylor Drives Port Erikport  PR 26849,South Ryanstad,Florida,58248,Brunei Darussalam,3
Ronnie,David,Others,2014-07-08,angelascott@example.org,001-689-486-1222x794,925 Anderson Street Suite 777 Susanbury  NY 72684,Jenniferton,New Mexico,60692,British Indian Ocean Territory (Chagos Archipelago),5
Amanda,Meyer,Not Specified,2007-08-26,owood@example.com,(827)391-6501x97228,Unit 1975 Box 8901 DPO AE 95388,Onealhaven,Iowa,91932,Seychelles,1
Benjamin,Powell,M,1970-12-15,leewayne@example.com,772.576.4461x738,51325 Hall Extensions Lake Sonya  SD 51539,Tylerville,South Dakota,92460,Equatorial Guinea,3
Ethan,Haynes,M,2021-12-31,sbradley@example.net,+1-359-654-4355x447,80726 Steven Ways Thomashaven  PA 32090,Kellerchester,Georgia,98571,Lesotho,5
Emily,Williams,F,1971-03-14,iroberson@example.net,+1-671-248-6193x3091,687 Megan Summit Hammondshire  UT 00533,Lisaside,New Hampshire,40700,Armenia,3
Veronica,Smith,Others,2017-11-01,camposchristy@example.com,641.688.1290x3103,338 Orozco Field Robertmouth  NM 19442,Lake Lauramouth,Pennsylvania,28867,South Georgia and the South Sandwich Islands,5
Toni,Washington,M,1992-10-27,emilythomas@example.com,001-340-612-6715x07553,5801 Jimenez Trail Apt. 161 West Steven  FL 53840,South Jessicaville,Missouri,97798,Cook Islands,5
Samantha,Thompson,Others,2014-09-13,johnneal@example.com,001-879-516-5027,5683 Soto Roads Suite 016 North Rhonda  AL 72257,Alexanderhaven,Indiana,70204,Montserrat,2
Miranda,Hudson,Not Specified,1999-10-24,victor70@example.com,8043960953,73445 David Path Port Jennifer  IN 42770,West Jamie,Missouri,76349,Brazil,3
Carol,Murphy,Others,2004-11-01,denise69@example.org,739.416.0447,1442 Ashley Groves Port William  SD 29975,Robertsburgh,Delaware,06280,Slovakia (Slovak Republic),3
Briana,Ross,M,1997-06-20,christopher42@example.com,+1-407-424-5396x168,136 Lori Station Apt. 945 South Jodyfurt  KY 12403,Karenland,New York,40630,Kiribati,5
Pamela,Gaines,Others,2000-03-11,tanyaclay@example.org,(206)676-0145,8601 Carroll Meadow Apt. 457 Robintown  UT 88845,Bishopfurt,Connecticut,65908,Guadeloupe,5
Stacy,Mckinney,Not Specified,2018-10-03,shepardmichael@example.net,712-791-4382,94193 Smith Burg Autumnberg  WA 01161,New Cathyside,Iowa,20145,Wallis and Futuna,4
Alexander,Henry,Not Specified,2008-11-22,dorisflores@example.org,463.956.7707,85483 Warner Isle Hallland  MO 27789,Lake Anthonyberg,Colorado,06405,India,4
Edwin,Browning,M,2014-12-19,jasmine61@example.com,488.204.9322,941 Jason Court Port Leviview  MT 97431,Cunninghamton,Texas,97644,Jamaica,3
Sabrina,Mckinney,M,1996-04-15,norrisdonald@example.net,001-295-593-0703,1762 Katie Court South Karenfurt  HI 05593,South Keith,New Hampshire,04872,Denmark,4
Douglas,Martin,M,2001-10-02,hernandezjohn@example.net,(488)455-5307x2909,057 Edward Falls Lake Malloryhaven  NJ 87565,Lake Mark,West Virginia,51253,Libyan Arab Jamahiriya,4
Richard,Gonzalez,F,1970-04-30,kirstenschmidt@example.com,(338)940-4085x58943,5997 Fernandez Highway West Sydney  IN 25677,East Brendaville,Montana,35299,Brazil,1
Samantha,Torres,M,1999-11-01,perryjodi@example.org,511.971.4397,6613 Rose Lane West Mollyberg  CT 36045,East Melissa,Michigan,00889,Afghanistan,5
Deborah,Tucker,Others,1981-10-07,rsanchez@example.org,412-380-1237x5242,549 Trevor Hollow Suite 698 Obrienton  VT 23027,Wallburgh,Maryland,25762,Indonesia,4
Nathan,Walker,Not Specified,2016-04-01,pwalters@example.org,263-427-0564x206,93551 Samantha Lane Suite 049 Munozmouth  AR 61514,New Jessicafort,Indiana,55349,Bulgaria,5
Tracy,Valentine,Not Specified,1991-01-20,richard27@example.com,244.289.3390,84865 Gary Spurs Port Ericaborough  MO 30499,Hillbury,Georgia,44825,Cuba,2
Tracy,Patel,Not Specified,2006-10-22,patricia88@example.net,(664)402-2553x92966,240 Eric Village Suite 752 East Susanhaven  WY 66889,North Amy,Ohio,15645,Bouvet Island (Bouvetoya),5
John,Montgomery,Others,2008-04-02,robert93@example.net,001-868-352-7525x8903,65819 Susan Ferry Apt. 740 Nobleside  AR 50952,East Jason,Maine,36624,Lebanon,3
David,Bell,M,2010-03-21,bennettkathryn@example.net,+1-556-957-4504,50616 Miller Trail Apt. 226 New Adam  MS 67644,Carrillofurt,North Carolina,31935,Romania,3
Pedro,Wells,M,2013-08-05,kennethkemp@example.net,725-206-4763,7749 Jones Wells Apt. 191 Port Michellemouth  NH 47271,Keithland,South Dakota,33090,Venezuela,2
Kristin,Clark,Others,2022-11-21,haneyjanet@example.org,9275163934,94049 Matthew Run North Rebekah  NJ 24823,Lake Courtneyburgh,Virginia,83233,Western Sahara,4
Nicole,James,F,1976-02-17,marcus77@example.net,(640)556-4784x0068,USNV Powers FPO AP 13727,South Edward,Wyoming,60205,Rwanda,1
Daniel,Smith,F,2012-11-29,abigail00@example.org,(376)482-2513x2392,PSC 7816  Box 3943 APO AP 42261,Wilsonborough,Utah,77935,Guam,3
Suzanne,Hernandez,M,2002-08-09,joseph38@example.net,(564)960-6711,3038 Hill Alley South Garyhaven  NV 03233,South Frank,West Virginia,26437,Gabon,3
Charles,Hall,M,2022-10-16,smithjonathan@example.org,841-420-5536x5738,0938 Soto Mountain Apt. 377 Justinland  OR 27555,Davidland,West Virginia,62854,Cuba,2
James,Cole,Others,1970-06-22,ambercunningham@example.com,(751)767-1113x1752,Unit 0124 Box 3516 DPO AP 63115,Craigbury,Maryland,79150,New Caledonia,4
Robert,Price,Not Specified,2025-03-02,seth66@example.net,379-532-9526x48162,37952 Linda Turnpike Apt. 965 West Melindamouth  RI 38981,Smallberg,Minnesota,05949,Cuba,4
Kathryn,Aguilar,Others,1988-03-21,wwilson@example.net,001-242-493-0255,22324 Emily Highway Suite 658 Port Jacquelineshire  AS 32710,Port Lauren,Ohio,98721,Turkmenistan,3
David,Little,F,1996-06-17,johnsonjoseph@example.org,001-730-743-5882x66907,Unit 9811 Box 6610 DPO AA 37796,Sarahborough,Georgia,00523,Liechtenstein,1
Ronald,Henderson,M,1977-09-06,dennisjackson@example.com,(216)618-9822x19744,24604 Joshua Turnpike Suite 262 South Samantha  NJ 45549,West Sheilaport,Colorado,69553,Niue,3
Elizabeth,Edwards,M,1979-04-20,ksanders@example.org,(320)684-5513x1457,921 Carlson Causeway Apt. 007 Greenburgh  MO 81202,South Daniel,New Jersey,36565,Canada,3
Michelle,Collins,Others,1994-06-13,kimberlyochoa@example.org,346-583-5041,4861 Campbell Trafficway Suite 081 Port Michelle  MA 25527,Kimville,North Dakota,82990,Afghanistan,5
Laura,Arnold,Others,2012-12-10,wstevens@example.com,001-404-738-9910x8325,3255 Stephen Street Apt. 179 Mezahaven  KY 52163,Kimberlyhaven,New Mexico,03442,Trinidad and Tobago,2
Xavier,Mueller,Not Specified,1971-11-28,carlsonbradley@example.net,913.499.4703,662 Thompson Motorway Brendaside  MI 71195,East Bryanborough,New York,22030,Tanzania,3
Roger,Nelson,F,1978-02-16,pchavez@example.org,(739)894-8925x85577,88995 Wilkerson Cove Josephstad  GU 44083,Nathanburgh,Alaska,19391,Zimbabwe,3
Lori,Johnson,M,1994-02-08,powellashley@example.org,209-446-8331x36901,48841 Daniel Mall Apt. 498 North Robertland  MP 34973,North Jeremy,Georgia,61041,Guatemala,3
Angela,Brown,M,1971-10-07,lindalynch@example.com,+1-759-892-6267x8837,317 Karen Passage Suite 019 Jodistad  OH 40488,New Daisyport,Minnesota,96383,Greece,4
Amber,Holland,Others,1996-09-06,carla45@example.com,6258505728,682 Franklin Highway Suite 149 South Susanshire  IA 11705,Raymouth,New York,39799,Iran,5
David,Smith,M,1986-11-10,meaganpotter@example.org,5333247491,35444 Andrew Court Suite 939 Beckmouth  SD 18498,Gabriellebury,New Mexico,83604,Netherlands Antilles,2
Ronald,Warner,F,1980-11-12,hernandezjennifer@example.com,(751)853-0096,73377 Mark Roads Kingshire  VI 43348,Hernandeztown,New Mexico,33948,Cayman Islands,3
Michele,White,M,2015-01-03,barneshector@example.net,6628484189,808 Graham Vista Johnport  CO 79479,North Elizabethview,North Carolina,76674,Italy,1
Stephanie,Gomez,Others,2003-12-25,muellercharles@example.net,001-978-215-1207x8679,2739 Gibson Lake Thompsonville  NY 62930,East Jonathanburgh,Tennessee,45542,Mauritius,3
Brian,Herring,Others,2022-01-27,christopher48@example.com,7672229611,923 Estrada Crest Apt. 388 Lake Erica  OK 10932,West Tracystad,Rhode Island,32722,United Kingdom,1
Carlos,Wong,M,1984-09-09,arthurlee@example.com,+1-228-468-5205x985,702 Fernandez Mission Williammouth  CA 18143,Lindsayshire,Nevada,48775,Venezuela,1
Monica,Knight,Others,1986-03-18,lgonzalez@example.org,622.804.2364x87618,8766 Martinez Gardens Suite 159 Timothyland  MP 93416,Moralesmouth,West Virginia,17787,Bahrain,5
Jonathon,Davis,M,2000-01-15,paul66@example.org,258.298.5929x490,05014 May Circles Suite 365 New Edwardmouth  WA 59586,Lake Danielle,Wyoming,85443,Saint Kitts and Nevis,1
Lisa,Anthony,Not Specified,1980-01-28,cheryl67@example.org,+1-546-749-9642x9124,6789 Jerry Spur Port Duane  LA 84867,Jesseport,Tennessee,42244,Yemen,3
Mary,Walton,Others,1988-08-16,henrybrown@example.net,9992852436,Unit 7870 Box 3903 DPO AP 25215,Jaredport,Mississippi,02533,Cuba,2
April,Hernandez,F,1979-02-09,linda32@example.com,001-370-990-1543,672 Leblanc Circle West Matthewview  HI 47682,South Brittany,Ohio,60004,Western Sahara,2
Erica,Pacheco,Others,2017-02-02,amanda08@example.net,960-904-9235x0000,USNS Welch FPO AP 90569,Ryanport,Illinois,05115,Ethiopia,1
Elizabeth,Pitts,M,1971-02-22,chamberswendy@example.org,770-257-9344,8572 Arthur Fall Smithburgh  IA 18324,New Michaelstad,Missouri,76419,Thailand,3
James,Brown,F,2012-03-22,laurie78@example.net,487-581-1961,413 Briggs Roads Suite 296 Cristinafurt  AZ 13793,Vickieburgh,Alaska,85549,Saudi Arabia,5
Monica,Finley,Others,2011-09-05,sfernandez@example.org,5713078707,6551 Contreras Crescent Lauriefort  WI 76313,North Kimberly,Nevada,80310,Georgia,5
Eric,Gamble,Others,2008-09-13,rryan@example.com,495.714.7987,978 Catherine Ranch Suite 945 East Elizabeth  MO 07541,South Kimberly,Illinois,34617,Estonia,2
Steven,Perez,F,1972-08-30,hprice@example.org,451.400.2501x022,14442 Kristin Falls Brownshire  TN 33831,Port Melissatown,South Dakota,68961,Israel,4
Matthew,Carroll,M,2000-06-18,allisonhill@example.org,+1-279-465-0056x723,403 Kristi Lake Suite 621 Lindseytown  AZ 18534,Alvarezside,West Virginia,53570,Guinea,3
Shannon,Edwards,M,1999-08-20,dawnwoods@example.org,985-295-9866x914,Unit 7887 Box 7032 DPO AA 37326,Ayalaberg,Mississippi,41403,United States Minor Outlying Islands,2
Krista,Henderson,Not Specified,2012-06-09,ebonywood@example.com,001-881-620-7665x07083,10146 Stephen Rest Apt. 135 Justinfurt  PW 05667,Leeside,Maine,65466,Moldova,1
Michael,Macias,F,1985-05-01,pamela32@example.net,751.687.2346x970,5754 Hubbard Way Suite 961 Millermouth  MA 45357,North Robert,Maryland,84420,Saint Barthelemy,4
Paul,Lopez,Not Specified,1973-02-17,williamwarner@example.net,358.893.0574,20310 Washington Cliff Nicoleside  VI 60602,West Ronaldburgh,Hawaii,78296,Vietnam,4
Luis,Love,M,1985-04-15,aprilbaldwin@example.net,(764)328-9491x34018,5029 David Underpass Apt. 484 North Roy  MO 56375,Michaelland,West Virginia,13372,United States Virgin Islands,5
Elizabeth,Murphy,Others,2024-07-12,avilasarah@example.net,231.495.2905,27225 Taylor Path Port Kimberlyburgh  OK 86255,East Carolyn,Indiana,34211,Comoros,3
Lisa,Diaz,Not Specified,2006-03-05,chad08@example.org,(335)293-3810,047 Johnson Lock Suite 272 Taylorport  WY 32610,Laneborough,Oregon,60046,Iceland,5
James,Wiley,Others,1971-08-08,rachel65@example.net,(322)336-0852,060 Little Burg Lambertville  WI 94583,Cindyborough,Vermont,90127,French Polynesia,4
Robert,Armstrong,M,2014-10-20,cjenkins@example.org,357.800.9352x670,2442 Corey Port Suite 451 Thompsonport  PW 79871,Stacyfort,Vermont,12915,Belgium,2
Ian,Perez,Others,2010-04-10,psampson@example.net,(367)486-3541x2934,PSC 7443  Box 5013 APO AE 88145,North Derektown,Florida,07365,Uruguay,2
Jennifer,Kennedy,Not Specified,1973-04-29,brookethompson@example.com,+1-881-675-5573x37356,0732 Carlson Flat Suite 885 Kathleenhaven  IA 90535,Melissafurt,Illinois,42169,Australia,4
Amanda,Hayes,Others,1999-08-24,gloria82@example.com,001-670-423-7943x012,2777 Wright Common Suite 327 New Adammouth  KY 42098,Port Christopher,New York,09148,Norfolk Island,2
Ronald,Harmon,M,1974-02-05,rlewis@example.org,001-498-391-7379x829,7060 Smith Road Yolandafurt  LA 05641,South Stephenmouth,Kansas,85841,Bahamas,4
Daniel,Simmons,F,1987-09-09,bartlettamanda@example.net,(318)319-5171x3637,129 Don Ports Suite 210 Hensonhaven  MT 46639,Danielfurt,Kentucky,27011,Trinidad and Tobago,5
Christy,Moore,F,1971-02-17,barbarahines@example.com,(789)738-0608,50927 Steven Streets Apt. 662 New Lisamouth  WA 59384,North Bryan,Louisiana,57038,Slovakia (Slovak Republic),3
Jay,Clark,Not Specified,1977-12-05,dana75@example.com,2334925034,52940 Christine Squares Apt. 875 Port Heathershire  HI 89299,East Bobby,Connecticut,79863,Moldova,5
Rose,Brooks,M,2024-05-11,sarah40@example.com,+1-375-652-5728x64417,1459 Wood Vista Apt. 034 South Marktown  NJ 27875,Mooreberg,Utah,28515,Cayman Islands,2
John,Walker,F,2015-04-18,janetbell@example.org,283.450.2522,16965 Linda Shoal Lake Kristen  MP 55501,West Mitchell,South Dakota,67229,Dominica,5
Joshua,Brady,F,2006-09-25,jennifer11@example.com,+1-241-985-5055x042,5011 Joel Village Mccarthyview  SD 02941,Grayborough,New Mexico,56274,Korea,5
Amy,Ramirez,F,1977-02-06,fking@example.org,9817861330,2012 Deborah Station Suite 439 Cannonland  MI 19719,Jennifershire,Connecticut,59723,Morocco,2
John,Alexander,M,2000-06-29,quinnelaine@example.net,996.547.0653,42854 Chaney Valleys Suite 431 Lake Lynn  IN 21235,Garrisonton,Nevada,20744,Bouvet Island (Bouvetoya),5
Christopher,Montoya,M,2004-02-24,kari07@example.com,(910)529-5093,81001 Hatfield Mountain Suzannemouth  GA 24441,East Lisaview,Idaho,29648,Marshall Islands,4
Lauren,Barnes,Not Specified,2014-08-27,prodriguez@example.com,570.447.9183,40246 Marcus Meadow Apt. 341 West Jonathanview  PW 61745,Jimmystad,Massachusetts,89792,French Southern Territories,1
Latasha,Baker,Not Specified,2013-04-11,billhanson@example.com,(607)738-1599,8978 Hardin Union Suite 993 Sanchezshire  RI 54951,Ryanton,Nevada,85741,El Salvador,5
Brandon,Diaz,F,1980-09-09,sandraramirez@example.org,001-285-700-9206x95104,62570 Jonathan Manor Suite 205 Port Stephanietown  MS 08789,Andreton,Ohio,67568,Guinea,1
Rhonda,Fernandez,Not Specified,2021-04-22,ztorres@example.org,989-669-3942,3566 Miller Junction Apt. 835 New Crystal  AS 78678,Lambertton,Texas,09729,Peru,5
Matthew,Scott,Others,1987-01-02,fishershawn@example.com,432-870-2947x995,203 Lee Trafficway Apt. 520 Marilynville  NJ 53392,Port Lisa,Idaho,02076,Korea,5
Nicholas,Mora,Others,2013-05-05,sharris@example.org,976-847-8844x291,USCGC Owens FPO AP 82912,West Dawn,Nebraska,84950,Honduras,5
Jeffrey,Martin,Not Specified,2012-07-17,vavery@example.org,(348)751-8355,774 Jones Land Georgeview  IL 01310,New Sherri,Georgia,49639,Mayotte,5
Karen,Wolf,Not Specified,1989-12-28,rbond@example.org,+1-961-502-5545x880,5316 Ricardo Mill Apt. 893 Elizabethland  MA 95450,Lisaborough,New York,78471,Comoros,4
Sheila,Cain,M,1987-04-04,jreed@example.org,(304)927-4948x58496,983 Amanda Canyon East Jeremyborough  VA 80473,Lake Diane,Mississippi,11417,Angola,3
Vanessa,Ochoa,Others,1971-05-27,samantha00@example.org,259.717.5968x967,1176 Krause Shore Apt. 759 Joannastad  MD 34590,North Sean,Wisconsin,00512,Nepal,2
Mark,Williams,Others,1998-12-01,susan82@example.com,+1-607-200-6710,00589 Michelle Ridge Apt. 834 North Gregoryfurt  PA 13913,Clarkshire,New Hampshire,04736,Saint Kitts and Nevis,2
Michael,Davis,F,1994-01-05,clarkjoe@example.net,4556607639,84850 Welch Harbor Rojasport  IL 22450,New Katherineview,Ohio,83136,Uruguay,4
Derek,Morales,M,2006-10-14,gvega@example.com,+1-233-614-0689x50797,03363 Davis Estate East Danielshire  PR 08568,Erinchester,Nevada,04755,Northern Mariana Islands,3
Katherine,Vincent,F,2015-12-13,hmolina@example.net,+1-459-362-1219,557 Stanley Pike Suite 991 Austinview  MD 07031,Cynthiaville,Kentucky,53562,Denmark,3
Tiffany,Thomas,Others,1978-06-30,powellsteve@example.org,001-524-213-2967x70255,721 Bonnie Shoals Apt. 000 Lake Daniel  TN 07234,West Mariatown,Illinois,69053,Hong Kong,3
James,Coffey,Others,1986-05-06,elizabeth41@example.org,+1-912-532-2806x4816,593 Bailey Run Suite 662 Wilsonview  MN 82501,Jamiemouth,Kansas,11870,Liechtenstein,3
Chris,Dixon,Not Specified,2022-10-07,smithalexandra@example.com,+1-330-947-8350x7046,PSC 0195  Box 0483 APO AE 71933,Lake Barbara,Maryland,53073,Comoros,3
Kevin,Santana,M,1970-12-30,davidrice@example.net,(414)689-4491x30481,117 Thornton Alley North Danielchester  MS 97658,Jacquelineside,Connecticut,62594,Slovakia (Slovak Republic),3
Tim,Kramer,F,1988-03-23,saramurphy@example.com,(553)323-0186x122,USNV Navarro FPO AP 11509,Port Wendy,Louisiana,74833,Tuvalu,1
Sharon,Miller,Others,1998-11-06,doyleerika@example.net,950.759.7365,5323 Dawn Crest Suite 564 West Elizabeth  NC 42546,Port Jeremy,Vermont,47716,El Salvador,4
Mitchell,Garrison,Others,2014-12-09,james13@example.net,(413)658-9399x4960,750 Vance Pines East Travisstad  TN 72189,Lake Mark,Florida,78778,Azerbaijan,2
Victoria,Warner,Others,2001-09-21,reneeking@example.com,(603)623-2863,PSC 3560  Box 2268 APO AA 23410,Lake Laura,Minnesota,50985,Pitcairn Islands,4
Monica,Giles,Not Specified,1999-05-02,belldarryl@example.com,298-724-6383x883,385 Joy Valleys Browntown  NV 05941,Millerborough,Ohio,38056,Chile,1
Amanda,Lopez,Others,2001-03-27,paulmoore@example.com,001-879-317-5311x887,553 Wright Highway Suite 127 West Karaberg  RI 87802,New James,Ohio,95218,Monaco,1
Jessica,Mercer,M,1974-05-05,jeanalvarado@example.com,243-794-0928,58209 William Greens Browningstad  FL 65855,Hallville,Florida,68980,Gambia,4
Lauren,Estrada,M,2014-10-21,mackamanda@example.com,+1-247-985-4686x5534,USNS Preston FPO AP 28259,Shawnbury,Oregon,15477,Guernsey,3
Michael,Chavez,M,2000-10-24,christina31@example.com,341.453.7753x161,099 Justin Court Apt. 867 Victoriamouth  WY 09772,Andersonberg,Idaho,29570,Guinea-Bissau,3
Carlos,Scott,Others,2004-06-13,wdean@example.net,234-967-0313x279,61906 Joseph Rue Sonyaland  LA 68384,Jacquelineside,Florida,91358,Guyana,4
Daniel,Cruz,M,1983-08-26,gregory25@example.net,536-474-6459x285,4424 Buchanan Plaza Port Ashley  MA 85742,North Bryantown,Oklahoma,31473,Palau,2
Sierra,Lopez,F,2017-04-18,katelyn25@example.com,(951)842-1743x29647,624 Page Common Apt. 808 Andrewborough  NE 02744,Nathanielchester,Connecticut,34080,United Arab Emirates,5
Donald,Mathews,Not Specified,2015-04-07,julieneal@example.org,001-533-276-4458x1585,9040 Joshua Points Apt. 354 Perezport  OR 83700,Garciahaven,West Virginia,70656,Serbia,3
Michelle,Valentine,Others,1994-09-05,wlee@example.com,4916221032,USNS Liu FPO AE 27808,Mackenzieborough,New Mexico,16298,Guernsey,3
Franklin,Moran,F,2017-10-06,john85@example.com,001-888-918-7153x3015,823 Kelly Fort Apt. 993 Samanthashire  LA 07437,Michaelside,Rhode Island,64376,Iran,5
Jeffrey,Johnson,M,1988-07-17,lindapatel@example.org,260.290.3756,USS Benson FPO AP 69491,Lake Danielton,California,22640,United States of America,5
Donna,Johnson,Not Specified,1989-04-16,tonya05@example.net,+1-745-624-4680x969,15287 Phillips Rapids Apt. 510 Paulborough  TN 22813,Hoodtown,South Carolina,59774,Haiti,5
Robin,Arias,M,2024-08-24,nicholasgreene@example.org,(674)575-4556x558,5220 Dorothy Fort Apt. 372 New Steven  OH 12163,Brianburgh,Maryland,24168,Isle of Man,3
Steven,Shaw,Others,1973-10-17,michelle17@example.net,+1-663-434-4825x9228,922 Delgado Mount Suite 131 Clarkmouth  PA 29044,Port Bryan,Oklahoma,16389,Mayotte,2
Francis,Brown,Others,1988-11-15,ebrown@example.org,982-680-3096,637 Thomas Lake Apt. 052 Lopezmouth  PW 97914,East Elizabeth,Nebraska,30503,Palau,5
Jennifer,White,M,1992-01-25,wardtyler@example.com,001-960-403-0676x143,846 Taylor Streets Suite 328 Katherinechester  NE 67708,North Hector,Florida,83010,Seychelles,2
Christopher,Flores,M,2018-10-28,elizabeth44@example.com,001-439-334-9496x15014,91896 Cole Drive Port Melinda  OR 87853,Port Kimberlychester,Alabama,87144,Mauritania,1
Katelyn,Alvarado,Not Specified,2019-06-05,kaufmanheather@example.com,8025769966,95898 Allen Underpass North Danielleborough  KS 68206,Lake Roberto,Georgia,36884,Fiji,5
Carla,Duran,F,1996-08-31,xcordova@example.com,499.958.1173x43874,997 Johnson Mountains Suite 654 East Amanda  MI 34185,Brandtland,Montana,99058,Rwanda,4
Alexis,Jimenez,Not Specified,2018-12-06,danielward@example.org,9634989962,609 Christopher Loop Apt. 203 Mccormickburgh  GU 18448,North Thomas,Arizona,99194,Algeria,4
Marilyn,Fitzgerald,M,1971-01-08,tracey20@example.com,001-521-615-3242x11263,76728 Berry Passage Apt. 594 Petersborough  VI 74871,New Ryanfort,Maryland,85884,Cocos (Keeling) Islands,5
Amber,Adams,F,1992-03-05,oleblanc@example.com,(887)293-9793x924,06358 Michael Islands Prestonberg  KY 52106,West Kimland,Pennsylvania,14388,Lao People's Democratic Republic,4
Paige,Delgado,M,2023-04-22,btodd@example.net,3714518593,83013 Michael Stream Bryanhaven  UT 13252,Monicaborough,Vermont,72516,Guernsey,1
Brian,Smith,F,2024-03-15,deanjoshua@example.net,(922)396-0600x358,341 John Mill Suite 636 Carrieton  GA 56065,Port Heatherfurt,West Virginia,73548,Uruguay,3
Crystal,Walter,M,2023-03-20,lori55@example.org,001-594-382-7211,16779 Christopher Corner Yvonneport  SD 65174,West Teresa,Montana,45123,Netherlands,5
Holly,Pratt,M,1992-05-21,bgonzalez@example.com,516.957.9522x630,94683 Miller Streets New Michealville  ME 85463,East John,West Virginia,18528,Colombia,3
Charles,Donaldson,F,2005-07-28,ysantos@example.net,899-466-1994,95107 Nancy Fords Suite 129 Chasechester  ND 12156,Lake Phillipberg,Oregon,31372,Faroe Islands,5
Vanessa,Powers,Others,1993-07-26,pgonzalez@example.org,643-291-9729x056,71104 Ruth Throughway New Karaland  ME 51820,North Carolfurt,Delaware,66117,Congo,5
Kimberly,Cardenas,Others,1988-02-20,douglas47@example.org,001-306-322-6318,20983 Lyons Park Michaelmouth  IA 58695,Hayneschester,Virginia,03947,Malta,4
George,Russell,Not Specified,2019-09-11,rebecca27@example.com,701-783-9497,6015 Roy Club Apt. 007 Lake Bethanyland  GA 31494,Lake Garyhaven,North Dakota,71334,Cote d'Ivoire,4
Mary,Huff,M,1988-01-04,chadmiller@example.net,001-801-653-6289x1334,20129 Anthony Port Apt. 969 Markstad  HI 72056,Jamesport,Michigan,56616,Afghanistan,3
Debra,Bauer,M,1978-11-08,bridget65@example.org,001-723-353-0703x5133,USCGC Keller FPO AA 58033,Jacobburgh,Alaska,92706,Singapore,3
Anthony,Chambers,F,1997-02-12,angel72@example.org,460.285.0920x5463,PSC 1680  Box 1425 APO AE 69775,Port Joshuaville,Utah,96587,Uruguay,2
John,Miller,F,1984-04-21,iritter@example.com,+1-871-429-9092x4340,USCGC Boone FPO AP 20431,South Cheryl,Idaho,22648,Mexico,3
William,Hall,Others,1978-09-09,millermelinda@example.org,001-544-846-8087,01340 Veronica Springs Apt. 917 Ritahaven  CO 65123,Munozport,Maryland,14170,Panama,3
Alex,King,Others,2011-11-01,hardylaura@example.com,8843933625,685 Cassandra Glens Josehaven  MD 11418,West Kathymouth,Wisconsin,50826,Paraguay,1
Stephanie,Carson,F,1985-04-15,robertdiaz@example.com,(574)258-9262x03520,9803 Rocha Street East Isaac  PR 39499,West Edwardland,West Virginia,35245,Svalbard & Jan Mayen Islands,5
Daniel,Bass,M,2013-07-11,murphyjulie@example.net,765-820-8599x054,8082 Kenneth Overpass Apt. 643 Ianberg  ID 19574,Lake Nathanielmouth,North Dakota,18973,Gambia,4
Robert,Daniels,M,2015-06-24,djohnson@example.org,001-763-412-4924,27821 Michael Bypass Suite 462 Nicolebury  PA 05954,Port Aimeeside,Maine,60949,Brunei Darussalam,4
Patricia,Sutton,F,2018-07-13,paulwhite@example.net,900-852-4605,7391 Parks Radial Suite 741 Tammymouth  OH 09012,Chelseaburgh,Indiana,58653,Kyrgyz Republic,2
Samuel,Gentry,F,1995-07-05,james52@example.net,496-605-0782x4474,48885 Michael Divide Apt. 293 Tylerfort  TX 86603,Gregoryside,Colorado,31918,Namibia,5
Carla,Cooper,Others,1975-09-10,perezjennifer@example.org,(448)969-9603x67745,67230 Schmidt Dale Apt. 150 East Lawrencefurt  ID 32823,West Ashley,North Carolina,01927,Brazil,2
Gregory,Smith,Others,1974-04-29,nicholasmills@example.com,408.868.8607,654 Kayla Meadows East Austin  MS 22116,Lake Joshua,Alaska,24247,Germany,5
Debra,Barker,F,2016-12-03,juliethomas@example.net,631.715.6742x673,4692 Robert Green Lake Kathleen  HI 86439,Jasonmouth,Mississippi,06906,Tonga,1
Linda,Marshall,Others,1984-11-24,campbellmary@example.org,+1-512-943-4152x423,12712 Wilson Glen Port Duane  SC 97928,West James,Indiana,40193,Vanuatu,4
Sherry,Lowery,M,1979-04-03,fredericktimothy@example.org,283.793.8274x3056,64415 Dana Roads Suite 567 Melissaborough  FM 07255,West Anthony,Montana,24809,Greenland,1
Regina,Barker,Others,1971-09-19,brownamanda@example.net,248.533.0141,05944 Evans Brooks Suite 963 New Amandachester  MA 71814,Haroldmouth,Maryland,91902,Jordan,3
Mark,Adams,Others,1981-08-29,jeff01@example.org,473-896-2138x07852,400 Margaret Course West Alicia  LA 39274,North Jonathanstad,Louisiana,64970,Estonia,3
Sharon,Bailey,M,2024-11-15,benjamin70@example.net,(556)357-6015,076 Reid Greens East Kenneth  NH 35413,Jessicaview,Arizona,55375,Gibraltar,5
Elizabeth,Simpson,M,2019-12-20,william99@example.net,444.897.6623x1669,401 Amber Trace East Jessicaport  OH 89409,Port Nicholas,Texas,28453,El Salvador,5
Tara,Jackson,Others,1984-02-18,susan61@example.org,(244)899-8497x0338,821 Schwartz Falls Andrewsville  AZ 50139,Rileyville,Ohio,56844,Colombia,4
Sierra,Young,M,2020-02-22,lisa55@example.org,(325)841-5678x005,895 Cooke Loop Austinfort  VA 53057,West Wendy,Indiana,60856,Falkland Islands (Malvinas),3
Nathaniel,Mitchell,M,2011-05-17,pmills@example.net,7402057118,7643 Robertson Landing Smithside  WY 33072,Port Brittneyton,Indiana,46360,Maldives,5
Eric,Jones,Not Specified,1985-04-24,austingood@example.com,+1-712-660-8433x410,1328 Taylor Square Port Josephshire  IL 26638,Williamsville,Arizona,63443,Italy,1
Cynthia,Turner,M,1970-11-26,emorris@example.com,538.300.2597x7178,5188 Livingston Lake Stephaniemouth  NY 50251,Georgeburgh,Nebraska,64625,Central African Republic,5
Dylan,Wood,F,2000-07-22,jhenry@example.com,3932538928,92343 Daniel Terrace Suite 723 New Mitchell  GU 04751,Meghanmouth,Colorado,29786,Bermuda,3
Eric,Lee,F,1973-11-21,fletchercaitlin@example.org,319-571-2222,987 Friedman Cliffs Apt. 266 Gutierrezside  AZ 85969,Rodneymouth,Arkansas,54611,Indonesia,1
John,Kelley,M,2021-01-09,ataylor@example.org,001-770-421-6072x24234,354 Brown Mews Apt. 850 Lake Dennis  NY 58417,Martinville,Nebraska,51517,Cameroon,4
Matthew,Santiago,Others,2010-08-26,destinyhines@example.net,001-283-314-9255x658,968 Andrew Pines Apt. 438 New Marilynview  SC 91865,Simpsonborough,South Dakota,33823,Montenegro,1
Heather,Ward,Not Specified,2006-10-29,toddwright@example.net,855-606-5903x0102,58668 Montoya Summit Lake Danielmouth  UT 50862,Michaelshire,New Mexico,35350,Congo,5
Jason,Juarez,M,2006-02-23,jingram@example.net,+1-319-850-6441x53100,70334 Anderson Junctions Apt. 130 South Marcside  MT 88756,South Marco,Alabama,50436,India,3
Kelly,Peters,Others,1986-05-01,harrisamy@example.org,698.347.0987x82339,Unit 4696 Box 2184 DPO AA 20365,Port Stephanie,Connecticut,84832,Marshall Islands,5
Tommy,Anderson,F,1999-12-21,steelejeffrey@example.net,(962)241-1283,5303 Collins Trace Apt. 937 Mccoyport  AR 12924,Lake Dave,Iowa,92701,Eritrea,2
